date,site_id,region,utility_provider,rate_class,total_kwh,peak_kw,demand_charge,energy_charge,total_cost
2024-01-01,DC_NJ_01,Northeast,PSE&G,Large Commercial TOU,140709.29,6664.27,111791.76,13928.05,125719.81
2024-01-02,DC_NJ_01,Northeast,PSE&G,Large Commercial TOU,136218.16,6356.82,93252.43,11300.99,104553.42
2024-01-03,DC_NJ_01,Northeast,PSE&G,Large Commercial TOU,132361.2,6784.49,120601.06,8315.01,128916.06
2024-01-04,DC_NJ_01,Northeast,PSE&G,Large Commercial TOU,143599.68,6582.58,111508.0,15740.04,127248.04
2024-01-05,DC_NJ_01,Northeast,PSE&G,Large Commercial TOU,139409.3,6397.8,103632.86,8525.31,112158.18
2024-01-06,DC_NJ_01,Northeast,PSE&G,Large Commercial TOU,136789.45,6322.71,87646.5,14867.34,102513.85
2024-01-07,DC_NJ_01,Northeast,PSE&G,Large Commercial TOU,132806.97,6771.37,134518.98,10508.1,145027.08
2024-01-08,DC_NJ_01,Northeast,PSE&G,Large Commercial TOU,138317.56,7330.76,114389.16,13003.98,127393.14
2024-01-09,DC_NJ_01,Northeast,PSE&G,Large Commercial TOU,132311.65,7103.15,107139.21,11665.18,118804.39
2024-01-10,DC_NJ_01,Northeast,PSE&G,Large Commercial TOU,132636.61,6334.39,110637.07,9556.64,120193.71
2024-01-11,DC_NJ_01,Northeast,PSE&G,Large Commercial TOU,141221.26,7453.18,112755.34,9697.41,122452.76
2024-01-12,DC_NJ_01,Northeast,PSE&G,Large Commercial TOU,135537.54,7065.3,96537.0,11013.48,107550.48
2024-01-13,DC_NJ_01,Northeast,PSE&G,Large Commercial TOU,141235.94,6510.17,101545.82,14422.2,115968.02
2024-01-14,DC_NJ_01,Northeast,PSE&G,Large Commercial TOU,139111.89,7450.21,108864.83,13405.32,122270.15
2024-01-15,DC_NJ_01,Northeast,PSE&G,Large Commercial TOU,141877.37,7118.5,133516.53,15331.07,148847.6
2024-01-16,DC_NJ_01,Northeast,PSE&G,Large Commercial TOU,144674.84,7281.6,143607.94,12924.9,156532.84
2024-01-17,DC_NJ_01,Northeast,PSE&G,Large Commercial TOU,142994.72,6882.81,91693.75,10697.96,102391.71
2024-01-18,DC_NJ_01,Northeast,PSE&G,Large Commercial TOU,134909.59,6659.36,95547.92,10758.24,106306.17
2024-01-19,DC_NJ_01,Northeast,PSE&G,Large Commercial TOU,135168.5,6419.2,117608.76,12917.66,130526.42
2024-01-20,DC_NJ_01,Northeast,PSE&G,Large Commercial TOU,143874.82,7704.86,148855.36,13316.17,162171.53
2024-01-21,DC_NJ_01,Northeast,PSE&G,Large Commercial TOU,147653.02,7320.45,109561.9,9563.56,119125.46
2024-01-22,DC_NJ_01,Northeast,PSE&G,Large Commercial TOU,145364.85,7469.24,106046.54,13019.59,119066.12
2024-01-23,DC_NJ_01,Northeast,PSE&G,Large Commercial TOU,144119.08,7065.35,132767.18,15649.26,148416.44
2024-01-24,DC_NJ_01,Northeast,PSE&G,Large Commercial TOU,146713.53,7012.89,86423.11,10681.25,97104.35
2024-01-25,DC_NJ_01,Northeast,PSE&G,Large Commercial TOU,146848.53,6866.26,93475.56,12036.71,105512.26
2024-01-26,DC_NJ_01,Northeast,PSE&G,Large Commercial TOU,149808.24,7459.66,131022.5,13207.66,144230.16
2024-01-27,DC_NJ_01,Northeast,PSE&G,Large Commercial TOU,139182.13,7080.21,96464.32,12107.74,108572.06
2024-01-28,DC_NJ_01,Northeast,PSE&G,Large Commercial TOU,151079.81,7678.46,146226.65,14313.19,160539.84
2024-01-29,DC_NJ_01,Northeast,PSE&G,Large Commercial TOU,146756.89,7087.91,110941.92,9579.51,120521.44
2024-01-30,DC_NJ_01,Northeast,PSE&G,Large Commercial TOU,141144.78,6959.04,101565.48,14702.21,116267.69
2024-01-31,DC_NJ_01,Northeast,PSE&G,Large Commercial TOU,140012.74,6832.97,96871.4,14749.14,111620.55
2024-02-01,DC_NJ_01,Northeast,PSE&G,Large Commercial TOU,147940.9,6781.27,97909.62,11484.42,109394.04
2024-02-02,DC_NJ_01,Northeast,PSE&G,Large Commercial TOU,141163.66,7098.28,124500.28,11891.84,136392.12
2024-02-03,DC_NJ_01,Northeast,PSE&G,Large Commercial TOU,142959.47,6843.14,94093.99,9780.51,103874.5
2024-02-04,DC_NJ_01,Northeast,PSE&G,Large Commercial TOU,147455.46,7254.61,101791.74,9325.76,111117.5
2024-02-05,DC_NJ_01,Northeast,PSE&G,Large Commercial TOU,143153.77,7391.87,97459.55,13687.44,111146.98
2024-02-06,DC_NJ_01,Northeast,PSE&G,Large Commercial TOU,154460.62,7422.84,113482.55,16810.07,130292.61
2024-02-07,DC_NJ_01,Northeast,PSE&G,Large Commercial TOU,140517.49,6844.46,119405.94,12887.92,132293.87
2024-02-08,DC_NJ_01,Northeast,PSE&G,Large Commercial TOU,148118.12,7341.45,122907.49,12981.76,135889.26
2024-02-09,DC_NJ_01,Northeast,PSE&G,Large Commercial TOU,141719.95,6932.06,127724.01,10219.14,137943.15
2024-02-10,DC_NJ_01,Northeast,PSE&G,Large Commercial TOU,147736.08,7981.96,147917.38,11810.2,159727.58
2024-02-11,DC_NJ_01,Northeast,PSE&G,Large Commercial TOU,152858.17,7197.99,126443.44,13055.61,139499.05
2024-02-12,DC_NJ_01,Northeast,PSE&G,Large Commercial TOU,154009.09,7477.09,132263.69,10936.5,143200.19
2024-02-13,DC_NJ_01,Northeast,PSE&G,Large Commercial TOU,153538.89,7483.31,146105.61,9950.68,156056.29
2024-02-14,DC_NJ_01,Northeast,PSE&G,Large Commercial TOU,147647.39,7404.21,128874.14,15043.13,143917.27
2024-02-15,DC_NJ_01,Northeast,PSE&G,Large Commercial TOU,152933.06,7275.88,127810.14,13316.25,141126.39
2024-02-16,DC_NJ_01,Northeast,PSE&G,Large Commercial TOU,145596.37,6885.44,111083.41,15885.79,126969.2
2024-02-17,DC_NJ_01,Northeast,PSE&G,Large Commercial TOU,146311.31,7920.63,130423.82,15841.27,146265.08
2024-02-18,DC_NJ_01,Northeast,PSE&G,Large Commercial TOU,155875.6,7389.42,130074.98,11526.0,141600.98
2024-02-19,DC_NJ_01,Northeast,PSE&G,Large Commercial TOU,155575.24,8240.72,157415.6,12481.09,169896.69
2024-02-20,DC_NJ_01,Northeast,PSE&G,Large Commercial TOU,155876.16,8359.68,145056.45,15473.36,160529.81
2024-02-21,DC_NJ_01,Northeast,PSE&G,Large Commercial TOU,152034.05,7439.89,147230.32,16268.66,163498.98
2024-02-22,DC_NJ_01,Northeast,PSE&G,Large Commercial TOU,147776.1,7149.12,111436.1,12454.67,123890.77
2024-02-23,DC_NJ_01,Northeast,PSE&G,Large Commercial TOU,158738.34,7508.22,119764.82,9667.76,129432.58
2024-02-24,DC_NJ_01,Northeast,PSE&G,Large Commercial TOU,146610.45,7167.38,127346.56,14251.79,141598.35
2024-02-25,DC_NJ_01,Northeast,PSE&G,Large Commercial TOU,148777.04,7491.59,128036.29,12711.62,140747.9
2024-02-26,DC_NJ_01,Northeast,PSE&G,Large Commercial TOU,148107.86,7516.31,119463.83,16135.56,135599.39
2024-02-27,DC_NJ_01,Northeast,PSE&G,Large Commercial TOU,158281.7,7827.55,134327.24,12267.45,146594.69
2024-02-28,DC_NJ_01,Northeast,PSE&G,Large Commercial TOU,154880.67,8214.05,131371.86,11075.4,142447.27
2024-02-29,DC_NJ_01,Northeast,PSE&G,Large Commercial TOU,153605.6,8024.04,160131.02,9551.23,169682.25
2024-03-01,DC_NJ_01,Northeast,PSE&G,Large Commercial TOU,152244.74,7332.56,131852.33,15860.05,147712.38
2024-03-02,DC_NJ_01,Northeast,PSE&G,Large Commercial TOU,159823.71,7765.77,128743.54,14006.67,142750.21
2024-03-03,DC_NJ_01,Northeast,PSE&G,Large Commercial TOU,160438.77,7454.18,100834.85,12078.61,112913.46
2024-03-04,DC_NJ_01,Northeast,PSE&G,Large Commercial TOU,149722.58,7467.76,113192.85,11773.34,124966.19
2024-03-05,DC_NJ_01,Northeast,PSE&G,Large Commercial TOU,158735.24,8505.59,116282.84,10082.99,126365.83
2024-03-06,DC_NJ_01,Northeast,PSE&G,Large Commercial TOU,156260.83,7628.97,109569.81,11361.44,120931.26
2024-03-07,DC_NJ_01,Northeast,PSE&G,Large Commercial TOU,151076.9,7992.81,141243.27,10096.63,151339.9
2024-03-08,DC_NJ_01,Northeast,PSE&G,Large Commercial TOU,154790.41,7477.04,105049.77,12536.33,117586.09
2024-03-09,DC_NJ_01,Northeast,PSE&G,Large Commercial TOU,155863.2,7249.71,123412.93,9392.2,132805.13
2024-03-10,DC_NJ_01,Northeast,PSE&G,Large Commercial TOU,149590.08,6944.65,86156.31,11943.15,98099.46
2024-03-11,DC_NJ_01,Northeast,PSE&G,Large Commercial TOU,160439.2,7390.39,114608.59,14269.98,128878.57
2024-03-12,DC_NJ_01,Northeast,PSE&G,Large Commercial TOU,157282.87,7638.9,151668.37,10656.24,162324.61
2024-03-13,DC_NJ_01,Northeast,PSE&G,Large Commercial TOU,160020.61,8481.63,104414.64,11603.51,116018.15
2024-03-14,DC_NJ_01,Northeast,PSE&G,Large Commercial TOU,151874.83,7640.67,142291.91,11593.0,153884.9
2024-03-15,DC_NJ_01,Northeast,PSE&G,Large Commercial TOU,151524.07,8163.68,152956.17,12555.78,165511.94
2024-03-16,DC_NJ_01,Northeast,PSE&G,Large Commercial TOU,150463.27,7412.01,97147.96,14290.34,111438.31
2024-03-17,DC_NJ_01,Northeast,PSE&G,Large Commercial TOU,149637.69,8067.39,99459.12,14324.78,113783.9
2024-03-18,DC_NJ_01,Northeast,PSE&G,Large Commercial TOU,153901.66,7609.82,106589.9,14959.57,121549.47
2024-03-19,DC_NJ_01,Northeast,PSE&G,Large Commercial TOU,150690.87,7008.22,122699.94,12268.61,134968.54
2024-03-20,DC_NJ_01,Northeast,PSE&G,Large Commercial TOU,148846.54,7957.35,110752.82,12222.92,122975.74
2024-03-21,DC_NJ_01,Northeast,PSE&G,Large Commercial TOU,149517.14,7080.72,121123.89,15958.07,137081.96
2024-03-22,DC_NJ_01,Northeast,PSE&G,Large Commercial TOU,156222.63,8015.67,143002.03,12776.46,155778.49
2024-03-23,DC_NJ_01,Northeast,PSE&G,Large Commercial TOU,149014.89,7532.75,97634.35,10122.93,107757.27
2024-03-24,DC_NJ_01,Northeast,PSE&G,Large Commercial TOU,153711.81,7162.71,103797.07,9946.36,113743.43
2024-03-25,DC_NJ_01,Northeast,PSE&G,Large Commercial TOU,163778.72,7745.82,140252.9,9967.25,150220.15
2024-03-26,DC_NJ_01,Northeast,PSE&G,Large Commercial TOU,161183.51,7852.73,135052.78,13415.9,148468.68
2024-03-27,DC_NJ_01,Northeast,PSE&G,Large Commercial TOU,149406.97,8029.56,113113.63,15588.23,128701.86
2024-03-28,DC_NJ_01,Northeast,PSE&G,Large Commercial TOU,148980.86,7987.16,130310.62,12671.12,142981.74
2024-03-29,DC_NJ_01,Northeast,PSE&G,Large Commercial TOU,159538.25,8130.94,158992.41,17101.64,176094.04
2024-03-30,DC_NJ_01,Northeast,PSE&G,Large Commercial TOU,162494.19,8309.42,144727.98,16257.13,160985.11
2024-03-31,DC_NJ_01,Northeast,PSE&G,Large Commercial TOU,157967.48,7409.33,137555.13,15885.24,153440.37
2024-04-01,DC_NJ_01,Northeast,PSE&G,Large Commercial TOU,158866.81,8367.55,114246.14,14706.97,128953.11
2024-04-02,DC_NJ_01,Northeast,PSE&G,Large Commercial TOU,153412.76,7305.76,89946.33,12098.58,102044.91
2024-04-03,DC_NJ_01,Northeast,PSE&G,Large Commercial TOU,158883.09,7727.75,116558.96,14742.15,131301.11
2024-04-04,DC_NJ_01,Northeast,PSE&G,Large Commercial TOU,159940.39,7784.6,124306.8,11681.2,135988.0
2024-04-05,DC_NJ_01,Northeast,PSE&G,Large Commercial TOU,160175.67,7806.34,96123.34,17111.95,113235.29
2024-04-06,DC_NJ_01,Northeast,PSE&G,Large Commercial TOU,155907.44,8402.87,129301.35,13626.09,142927.44
2024-04-07,DC_NJ_01,Northeast,PSE&G,Large Commercial TOU,158323.31,8016.34,104384.88,15291.24,119676.13
2024-04-08,DC_NJ_01,Northeast,PSE&G,Large Commercial TOU,153358.19,7770.84,128179.54,15850.46,144030.01
2024-04-09,DC_NJ_01,Northeast,PSE&G,Large Commercial TOU,153217.61,7890.51,109724.54,14861.41,124585.95
2024-04-10,DC_NJ_01,Northeast,PSE&G,Large Commercial TOU,155441.99,7816.57,118162.59,13185.84,131348.44
2024-04-11,DC_NJ_01,Northeast,PSE&G,Large Commercial TOU,154212.58,7196.57,141544.48,9665.16,151209.64
2024-04-12,DC_NJ_01,Northeast,PSE&G,Large Commercial TOU,162890.08,7947.55,138399.9,17566.07,155965.97
2024-04-13,DC_NJ_01,Northeast,PSE&G,Large Commercial TOU,157173.18,7849.52,99952.96,10084.89,110037.85
2024-04-14,DC_NJ_01,Northeast,PSE&G,Large Commercial TOU,159080.5,8025.22,157049.95,11236.87,168286.82
2024-04-15,DC_NJ_01,Northeast,PSE&G,Large Commercial TOU,161912.12,7574.07,149920.96,17251.16,167172.12
2024-04-16,DC_NJ_01,Northeast,PSE&G,Large Commercial TOU,165303.41,7653.37,125265.21,16009.93,141275.14
2024-04-17,DC_NJ_01,Northeast,PSE&G,Large Commercial TOU,160741.16,8664.82,161995.0,15174.21,177169.21
2024-04-18,DC_NJ_01,Northeast,PSE&G,Large Commercial TOU,163279.89,8624.55,118851.63,13275.4,132127.03
2024-04-19,DC_NJ_01,Northeast,PSE&G,Large Commercial TOU,155872.11,8302.65,133727.6,10494.91,144222.51
2024-04-20,DC_NJ_01,Northeast,PSE&G,Large Commercial TOU,153292.42,7768.48,147934.3,15813.18,163747.48
2024-04-21,DC_NJ_01,Northeast,PSE&G,Large Commercial TOU,153337.11,8187.81,121193.89,13738.15,134932.04
2024-04-22,DC_NJ_01,Northeast,PSE&G,Large Commercial TOU,160748.02,8012.84,141351.95,12682.92,154034.87
2024-04-23,DC_NJ_01,Northeast,PSE&G,Large Commercial TOU,153495.25,7457.63,104626.56,12544.03,117170.59
2024-04-24,DC_NJ_01,Northeast,PSE&G,Large Commercial TOU,155937.03,7889.73,143100.43,15133.49,158233.91
2024-04-25,DC_NJ_01,Northeast,PSE&G,Large Commercial TOU,162484.04,8454.87,117523.17,15281.94,132805.12
2024-04-26,DC_NJ_01,Northeast,PSE&G,Large Commercial TOU,155802.79,7761.21,125940.78,9993.9,135934.68
2024-04-27,DC_NJ_01,Northeast,PSE&G,Large Commercial TOU,156337.16,8210.45,135045.8,17024.34,152070.14
2024-04-28,DC_NJ_01,Northeast,PSE&G,Large Commercial TOU,154511.59,7137.66,138134.68,16414.1,154548.78
2024-04-29,DC_NJ_01,Northeast,PSE&G,Large Commercial TOU,153374.28,7918.47,105551.05,9780.94,115332.0
2024-04-30,DC_NJ_01,Northeast,PSE&G,Large Commercial TOU,152760.71,7376.42,129643.62,16771.84,146415.46
2024-05-01,DC_NJ_01,Northeast,PSE&G,Large Commercial TOU,155343.17,8074.09,158814.3,16429.52,175243.82
2024-05-02,DC_NJ_01,Northeast,PSE&G,Large Commercial TOU,150163.14,7376.17,108321.07,9811.33,118132.4
2024-05-03,DC_NJ_01,Northeast,PSE&G,Large Commercial TOU,151864.42,7779.06,107624.57,12060.07,119684.64
2024-05-04,DC_NJ_01,Northeast,PSE&G,Large Commercial TOU,153316.5,7487.4,116997.51,11191.72,128189.23
2024-05-05,DC_NJ_01,Northeast,PSE&G,Large Commercial TOU,149587.05,7204.81,121201.24,12050.78,133252.02
2024-05-06,DC_NJ_01,Northeast,PSE&G,Large Commercial TOU,153265.04,7194.75,140472.18,9779.84,150252.03
2024-05-07,DC_NJ_01,Northeast,PSE&G,Large Commercial TOU,155478.62,7879.09,99764.93,16474.33,116239.26
2024-05-08,DC_NJ_01,Northeast,PSE&G,Large Commercial TOU,162612.5,8200.53,125386.47,11096.96,136483.42
2024-05-09,DC_NJ_01,Northeast,PSE&G,Large Commercial TOU,160978.62,8022.6,120450.57,17589.22,138039.79
2024-05-10,DC_NJ_01,Northeast,PSE&G,Large Commercial TOU,160454.77,7879.65,130429.14,16279.45,146708.59
2024-05-11,DC_NJ_01,Northeast,PSE&G,Large Commercial TOU,149631.99,6904.05,83603.7,9979.35,93583.05
2024-05-12,DC_NJ_01,Northeast,PSE&G,Large Commercial TOU,149731.4,7725.78,139058.59,12984.3,152042.89
2024-05-13,DC_NJ_01,Northeast,PSE&G,Large Commercial TOU,162735.29,8252.24,149007.77,15672.39,164680.17
2024-05-14,DC_NJ_01,Northeast,PSE&G,Large Commercial TOU,154274.13,7380.84,103416.94,10838.11,114255.04
2024-05-15,DC_NJ_01,Northeast,PSE&G,Large Commercial TOU,152566.02,7256.07,131015.64,15853.29,146868.93
2024-05-16,DC_NJ_01,Northeast,PSE&G,Large Commercial TOU,148911.5,7158.51,114431.14,9099.87,123531.01
2024-05-17,DC_NJ_01,Northeast,PSE&G,Large Commercial TOU,155501.84,8204.5,152038.28,11723.11,163761.39
2024-05-18,DC_NJ_01,Northeast,PSE&G,Large Commercial TOU,163052.49,7593.37,126958.4,16238.54,143196.94
2024-05-19,DC_NJ_01,Northeast,PSE&G,Large Commercial TOU,155340.02,7664.13,131170.82,15414.92,146585.74
2024-05-20,DC_NJ_01,Northeast,PSE&G,Large Commercial TOU,160279.47,8552.45,169712.21,14563.5,184275.71
2024-05-21,DC_NJ_01,Northeast,PSE&G,Large Commercial TOU,157096.16,8033.69,102252.99,13783.74,116036.73
2024-05-22,DC_NJ_01,Northeast,PSE&G,Large Commercial TOU,158810.51,8003.32,154334.13,13109.1,167443.22
2024-05-23,DC_NJ_01,Northeast,PSE&G,Large Commercial TOU,152035.1,7631.66,140207.1,14425.41,154632.51
2024-05-24,DC_NJ_01,Northeast,PSE&G,Large Commercial TOU,154412.5,8160.82,102254.14,15201.28,117455.41
2024-05-25,DC_NJ_01,Northeast,PSE&G,Large Commercial TOU,147877.45,7542.74,103132.27,11441.38,114573.65
2024-05-26,DC_NJ_01,Northeast,PSE&G,Large Commercial TOU,156012.55,7594.64,119091.24,13551.74,132642.99
2024-05-27,DC_NJ_01,Northeast,PSE&G,Large Commercial TOU,155955.0,7668.18,103064.44,14797.54,117861.98
2024-05-28,DC_NJ_01,Northeast,PSE&G,Large Commercial TOU,157542.0,7761.12,125123.99,16339.61,141463.59
2024-05-29,DC_NJ_01,Northeast,PSE&G,Large Commercial TOU,161668.34,8220.75,152694.85,11509.57,164204.42
2024-05-30,DC_NJ_01,Northeast,PSE&G,Large Commercial TOU,151832.73,7398.83,121264.82,9351.41,130616.24
2024-05-31,DC_NJ_01,Northeast,PSE&G,Large Commercial TOU,154606.56,7544.79,98308.5,16188.99,114497.49
2024-06-01,DC_NJ_01,Northeast,PSE&G,Large Commercial TOU,151312.83,7340.67,116343.44,9777.01,126120.45
2024-06-02,DC_NJ_01,Northeast,PSE&G,Large Commercial TOU,156665.36,7848.49,117870.83,10629.57,128500.4
2024-06-03,DC_NJ_01,Northeast,PSE&G,Large Commercial TOU,145983.59,7747.23,129984.74,9375.92,139360.66
2024-06-04,DC_NJ_01,Northeast,PSE&G,Large Commercial TOU,160932.69,8095.71,112440.72,17091.39,129532.1
2024-06-05,DC_NJ_01,Northeast,PSE&G,Large Commercial TOU,157298.55,7905.91,98813.86,15104.72,113918.58
2024-06-06,DC_NJ_01,Northeast,PSE&G,Large Commercial TOU,147759.01,6936.2,130092.04,13942.29,144034.33
2024-06-07,DC_NJ_01,Northeast,PSE&G,Large Commercial TOU,156811.91,7227.03,107199.83,16208.2,123408.03
2024-06-08,DC_NJ_01,Northeast,PSE&G,Large Commercial TOU,151258.32,7064.86,95080.79,14652.43,109733.22
2024-06-09,DC_NJ_01,Northeast,PSE&G,Large Commercial TOU,153641.62,8118.31,132187.85,9903.77,142091.62
2024-06-10,DC_NJ_01,Northeast,PSE&G,Large Commercial TOU,148430.03,7227.21,107257.9,12423.37,119681.27
2024-06-11,DC_NJ_01,Northeast,PSE&G,Large Commercial TOU,154597.06,7703.55,137851.76,13791.6,151643.36
2024-06-12,DC_NJ_01,Northeast,PSE&G,Large Commercial TOU,153038.59,7762.29,116668.63,13501.51,130170.14
2024-06-13,DC_NJ_01,Northeast,PSE&G,Large Commercial TOU,149517.72,7973.84,111273.53,13513.08,124786.61
2024-06-14,DC_NJ_01,Northeast,PSE&G,Large Commercial TOU,151788.57,7374.84,88942.54,16193.5,105136.04
2024-06-15,DC_NJ_01,Northeast,PSE&G,Large Commercial TOU,147475.48,7208.3,135563.24,12445.53,148008.76
2024-06-16,DC_NJ_01,Northeast,PSE&G,Large Commercial TOU,145222.51,7631.28,142998.82,9117.46,152116.28
2024-06-17,DC_NJ_01,Northeast,PSE&G,Large Commercial TOU,144504.06,6645.07,132755.51,13705.93,146461.44
2024-06-18,DC_NJ_01,Northeast,PSE&G,Large Commercial TOU,157101.82,7954.59,95792.32,16632.34,112424.65
2024-06-19,DC_NJ_01,Northeast,PSE&G,Large Commercial TOU,158099.12,7892.77,146544.16,15200.41,161744.57
2024-06-20,DC_NJ_01,Northeast,PSE&G,Large Commercial TOU,154041.38,7747.04,144936.83,12913.44,157850.27
2024-06-21,DC_NJ_01,Northeast,PSE&G,Large Commercial TOU,146125.81,7876.17,107084.9,13961.97,121046.87
2024-06-22,DC_NJ_01,Northeast,PSE&G,Large Commercial TOU,153936.34,7735.1,140331.94,14679.6,155011.54
2024-06-23,DC_NJ_01,Northeast,PSE&G,Large Commercial TOU,144001.03,7207.38,104976.43,15350.61,120327.04
2024-06-24,DC_NJ_01,Northeast,PSE&G,Large Commercial TOU,151423.88,7406.18,121378.59,12524.78,133903.38
2024-06-25,DC_NJ_01,Northeast,PSE&G,Large Commercial TOU,150563.32,7153.93,90875.96,14187.37,105063.33
2024-06-26,DC_NJ_01,Northeast,PSE&G,Large Commercial TOU,144239.71,6614.25,104408.04,9495.99,113904.03
2024-06-27,DC_NJ_01,Northeast,PSE&G,Large Commercial TOU,151043.89,7922.62,148991.29,9868.45,158859.74
2024-06-28,DC_NJ_01,Northeast,PSE&G,Large Commercial TOU,152942.91,7530.55,150064.55,16310.89,166375.43
2024-06-29,DC_NJ_01,Northeast,PSE&G,Large Commercial TOU,144685.95,7088.68,125985.52,15383.37,141368.89
2024-06-30,DC_NJ_01,Northeast,PSE&G,Large Commercial TOU,142167.54,7441.9,133984.0,14415.37,148399.36
2024-07-01,DC_NJ_01,Northeast,PSE&G,Large Commercial TOU,153162.66,8073.12,112099.56,10617.27,122716.83
2024-07-02,DC_NJ_01,Northeast,PSE&G,Large Commercial TOU,150506.75,8036.89,134267.97,11409.89,145677.86
2024-07-03,DC_NJ_01,Northeast,PSE&G,Large Commercial TOU,151046.12,7491.82,143823.06,14453.47,158276.54
2024-07-04,DC_NJ_01,Northeast,PSE&G,Large Commercial TOU,149982.1,7548.83,125460.64,12289.12,137749.76
2024-07-05,DC_NJ_01,Northeast,PSE&G,Large Commercial TOU,145815.35,7158.9,89722.21,12626.57,102348.78
2024-07-06,DC_NJ_01,Northeast,PSE&G,Large Commercial TOU,143763.07,7239.49,106149.18,11727.67,117876.86
2024-07-07,DC_NJ_01,Northeast,PSE&G,Large Commercial TOU,150981.63,7792.81,148289.7,10317.56,158607.26
2024-07-08,DC_NJ_01,Northeast,PSE&G,Large Commercial TOU,147324.04,7662.64,153111.43,13061.39,166172.81
2024-07-09,DC_NJ_01,Northeast,PSE&G,Large Commercial TOU,150919.59,7806.29,102613.88,14930.26,117544.15
2024-07-10,DC_NJ_01,Northeast,PSE&G,Large Commercial TOU,142673.44,7388.18,133261.26,12084.31,145345.57
2024-07-11,DC_NJ_01,Northeast,PSE&G,Large Commercial TOU,141000.26,7092.88,111046.12,11130.71,122176.83
2024-07-12,DC_NJ_01,Northeast,PSE&G,Large Commercial TOU,148169.25,7411.29,117771.74,12889.69,130661.43
2024-07-13,DC_NJ_01,Northeast,PSE&G,Large Commercial TOU,145126.05,7585.11,127335.39,8796.11,136131.5
2024-07-14,DC_NJ_01,Northeast,PSE&G,Large Commercial TOU,147233.16,7626.9,141970.05,13243.84,155213.89
2024-07-15,DC_NJ_01,Northeast,PSE&G,Large Commercial TOU,152797.85,7439.38,114482.89,10904.81,125387.7
2024-07-16,DC_NJ_01,Northeast,PSE&G,Large Commercial TOU,142814.0,7277.5,95429.4,15080.1,110509.51
2024-07-17,DC_NJ_01,Northeast,PSE&G,Large Commercial TOU,139908.87,6710.98,112366.66,13473.89,125840.55
2024-07-18,DC_NJ_01,Northeast,PSE&G,Large Commercial TOU,139755.8,7475.48,91082.6,13906.29,104988.9
2024-07-19,DC_NJ_01,Northeast,PSE&G,Large Commercial TOU,147565.94,7711.85,96794.35,11616.65,108411.0
2024-07-20,DC_NJ_01,Northeast,PSE&G,Large Commercial TOU,139050.18,6493.93,125238.61,14186.17,139424.78
2024-07-21,DC_NJ_01,Northeast,PSE&G,Large Commercial TOU,139539.9,6669.9,89980.71,9527.23,99507.94
2024-07-22,DC_NJ_01,Northeast,PSE&G,Large Commercial TOU,149721.4,7276.64,100557.12,11314.78,111871.9
2024-07-23,DC_NJ_01,Northeast,PSE&G,Large Commercial TOU,146219.48,7163.91,97748.94,14214.36,111963.3
2024-07-24,DC_NJ_01,Northeast,PSE&G,Large Commercial TOU,148643.6,7560.66,115799.33,9767.87,125567.21
2024-07-25,DC_NJ_01,Northeast,PSE&G,Large Commercial TOU,149559.81,8005.14,126855.01,12456.09,139311.1
2024-07-26,DC_NJ_01,Northeast,PSE&G,Large Commercial TOU,150175.41,7617.73,147037.45,9257.16,156294.61
2024-07-27,DC_NJ_01,Northeast,PSE&G,Large Commercial TOU,140350.32,7108.31,87226.35,9582.51,96808.86
2024-07-28,DC_NJ_01,Northeast,PSE&G,Large Commercial TOU,141097.41,7384.68,101618.95,10424.19,112043.13
2024-07-29,DC_NJ_01,Northeast,PSE&G,Large Commercial TOU,139516.59,6993.47,109601.06,15176.21,124777.27
2024-07-30,DC_NJ_01,Northeast,PSE&G,Large Commercial TOU,144303.04,7648.82,103073.25,12518.79,115592.04
2024-07-31,DC_NJ_01,Northeast,PSE&G,Large Commercial TOU,140447.67,6799.93,104816.3,11216.98,116033.28
2024-08-01,DC_NJ_01,Northeast,PSE&G,Large Commercial TOU,147452.64,7187.56,122187.19,12299.26,134486.45
2024-08-02,DC_NJ_01,Northeast,PSE&G,Large Commercial TOU,141255.54,7458.96,107053.63,12624.39,119678.01
2024-08-03,DC_NJ_01,Northeast,PSE&G,Large Commercial TOU,145907.3,7328.98,116154.85,12653.49,128808.34
2024-08-04,DC_NJ_01,Northeast,PSE&G,Large Commercial TOU,142654.43,7448.17,109301.22,9293.8,118595.03
2024-08-05,DC_NJ_01,Northeast,PSE&G,Large Commercial TOU,136495.91,7112.85,136420.59,10048.16,146468.75
2024-08-06,DC_NJ_01,Northeast,PSE&G,Large Commercial TOU,142777.75,7496.72,140326.01,15555.15,155881.16
2024-08-07,DC_NJ_01,Northeast,PSE&G,Large Commercial TOU,147474.65,7260.65,101874.96,12916.73,114791.69
2024-08-08,DC_NJ_01,Northeast,PSE&G,Large Commercial TOU,137792.69,6895.96,101468.31,12367.23,113835.54
2024-08-09,DC_NJ_01,Northeast,PSE&G,Large Commercial TOU,142956.98,7609.43,135193.05,12556.78,147749.83
2024-08-10,DC_NJ_01,Northeast,PSE&G,Large Commercial TOU,146163.94,7903.48,145857.24,13178.12,159035.36
2024-08-11,DC_NJ_01,Northeast,PSE&G,Large Commercial TOU,148254.4,7961.77,121426.02,9941.06,131367.08
2024-08-12,DC_NJ_01,Northeast,PSE&G,Large Commercial TOU,139074.94,6475.01,115820.04,12747.89,128567.94
2024-08-13,DC_NJ_01,Northeast,PSE&G,Large Commercial TOU,146361.25,6857.97,117568.99,15195.55,132764.53
2024-08-14,DC_NJ_01,Northeast,PSE&G,Large Commercial TOU,144193.05,7703.06,113134.31,13155.89,126290.2
2024-08-15,DC_NJ_01,Northeast,PSE&G,Large Commercial TOU,145777.78,7122.53,132801.28,8996.15,141797.43
2024-08-16,DC_NJ_01,Northeast,PSE&G,Large Commercial TOU,138883.44,7261.1,137151.57,10852.06,148003.63
2024-08-17,DC_NJ_01,Northeast,PSE&G,Large Commercial TOU,136996.46,7391.58,95454.2,13561.0,109015.2
2024-08-18,DC_NJ_01,Northeast,PSE&G,Large Commercial TOU,141762.13,7661.5,103099.65,11844.69,114944.35
2024-08-19,DC_NJ_01,Northeast,PSE&G,Large Commercial TOU,140510.55,7040.11,123841.01,13641.37,137482.38
2024-08-20,DC_NJ_01,Northeast,PSE&G,Large Commercial TOU,139246.67,6635.13,102006.05,12845.88,114851.93
2024-08-21,DC_NJ_01,Northeast,PSE&G,Large Commercial TOU,135345.53,7219.07,126084.52,12798.42,138882.94
2024-08-22,DC_NJ_01,Northeast,PSE&G,Large Commercial TOU,144940.82,7282.87,116414.64,14603.18,131017.83
2024-08-23,DC_NJ_01,Northeast,PSE&G,Large Commercial TOU,134240.53,6606.03,117333.8,11393.43,128727.23
2024-08-24,DC_NJ_01,Northeast,PSE&G,Large Commercial TOU,134702.85,6331.05,89470.39,9858.12,99328.5
2024-08-25,DC_NJ_01,Northeast,PSE&G,Large Commercial TOU,143382.19,6871.27,109625.54,13141.68,122767.22
2024-08-26,DC_NJ_01,Northeast,PSE&G,Large Commercial TOU,141067.83,7450.86,135361.91,11316.33,146678.24
2024-08-27,DC_NJ_01,Northeast,PSE&G,Large Commercial TOU,138866.64,6774.23,91282.51,14988.07,106270.58
2024-08-28,DC_NJ_01,Northeast,PSE&G,Large Commercial TOU,134147.58,7010.31,131069.24,8506.63,139575.87
2024-08-29,DC_NJ_01,Northeast,PSE&G,Large Commercial TOU,138923.56,7427.22,125395.46,13347.31,138742.77
2024-08-30,DC_NJ_01,Northeast,PSE&G,Large Commercial TOU,146007.23,7174.61,93844.0,15725.61,109569.61
2024-08-31,DC_NJ_01,Northeast,PSE&G,Large Commercial TOU,139433.52,6704.33,89141.46,12129.62,101271.08
2024-09-01,DC_NJ_01,Northeast,PSE&G,Large Commercial TOU,144363.14,7634.89,101065.98,15556.83,116622.81
2024-09-02,DC_NJ_01,Northeast,PSE&G,Large Commercial TOU,141255.46,7032.45,104166.86,10907.63,115074.5
2024-09-03,DC_NJ_01,Northeast,PSE&G,Large Commercial TOU,138261.14,7149.17,112080.73,12431.65,124512.39
2024-09-04,DC_NJ_01,Northeast,PSE&G,Large Commercial TOU,133511.85,6205.81,122512.68,8026.33,130539.01
2024-09-05,DC_NJ_01,Northeast,PSE&G,Large Commercial TOU,132479.73,6185.8,114186.47,10032.67,124219.14
2024-09-06,DC_NJ_01,Northeast,PSE&G,Large Commercial TOU,145768.64,7640.72,123553.58,13779.22,137332.8
2024-09-07,DC_NJ_01,Northeast,PSE&G,Large Commercial TOU,133532.47,7186.46,122971.84,13075.45,136047.29
2024-09-08,DC_NJ_01,Northeast,PSE&G,Large Commercial TOU,142859.49,7409.77,147043.99,13123.3,160167.29
2024-09-09,DC_NJ_01,Northeast,PSE&G,Large Commercial TOU,144835.24,7418.78,92087.6,13709.92,105797.52
2024-09-10,DC_NJ_01,Northeast,PSE&G,Large Commercial TOU,141556.19,6540.09,130768.0,12656.99,143424.99
2024-09-11,DC_NJ_01,Northeast,PSE&G,Large Commercial TOU,139943.41,6965.93,90307.55,10585.7,100893.25
2024-09-12,DC_NJ_01,Northeast,PSE&G,Large Commercial TOU,142361.3,6753.38,103827.17,9362.26,113189.44
2024-09-13,DC_NJ_01,Northeast,PSE&G,Large Commercial TOU,143240.0,7454.53,116597.34,8987.47,125584.81
2024-09-14,DC_NJ_01,Northeast,PSE&G,Large Commercial TOU,139431.49,7139.53,106504.46,12898.58,119403.04
2024-09-15,DC_NJ_01,Northeast,PSE&G,Large Commercial TOU,139956.31,6975.73,113300.62,14590.43,127891.05
2024-09-16,DC_NJ_01,Northeast,PSE&G,Large Commercial TOU,138289.11,6804.38,125417.15,12255.37,137672.52
2024-09-17,DC_NJ_01,Northeast,PSE&G,Large Commercial TOU,139645.19,7170.38,115882.98,13530.61,129413.59
2024-09-18,DC_NJ_01,Northeast,PSE&G,Large Commercial TOU,138098.87,7338.42,115180.47,11168.79,126349.26
2024-09-19,DC_NJ_01,Northeast,PSE&G,Large Commercial TOU,145949.38,6689.64,100824.25,10110.45,110934.7
2024-09-20,DC_NJ_01,Northeast,PSE&G,Large Commercial TOU,145161.4,6737.94,83695.18,8778.53,92473.71
2024-09-21,DC_NJ_01,Northeast,PSE&G,Large Commercial TOU,133435.69,6157.61,102499.91,11207.14,113707.05
2024-09-22,DC_NJ_01,Northeast,PSE&G,Large Commercial TOU,136007.63,6685.1,98210.57,8784.05,106994.62
2024-09-23,DC_NJ_01,Northeast,PSE&G,Large Commercial TOU,139527.24,7246.43,114047.85,8394.98,122442.83
2024-09-24,DC_NJ_01,Northeast,PSE&G,Large Commercial TOU,136419.93,7222.1,120701.93,13065.98,133767.92
2024-09-25,DC_NJ_01,Northeast,PSE&G,Large Commercial TOU,136181.65,7274.75,93667.85,8477.99,102145.85
2024-09-26,DC_NJ_01,Northeast,PSE&G,Large Commercial TOU,137816.05,6459.48,118750.55,14859.43,133609.99
2024-09-27,DC_NJ_01,Northeast,PSE&G,Large Commercial TOU,136013.3,6901.04,131627.55,14841.3,146468.85
2024-09-28,DC_NJ_01,Northeast,PSE&G,Large Commercial TOU,140828.86,7515.24,134874.73,15415.02,150289.75
2024-09-29,DC_NJ_01,Northeast,PSE&G,Large Commercial TOU,133411.61,6561.16,90836.35,13593.48,104429.83
2024-09-30,DC_NJ_01,Northeast,PSE&G,Large Commercial TOU,144153.15,6751.58,101764.7,8987.56,110752.26
2024-10-01,DC_NJ_01,Northeast,PSE&G,Large Commercial TOU,133136.81,7164.17,131864.83,13488.13,145352.96
2024-10-02,DC_NJ_01,Northeast,PSE&G,Large Commercial TOU,141486.32,6739.85,113082.45,12155.52,125237.97
2024-10-03,DC_NJ_01,Northeast,PSE&G,Large Commercial TOU,140097.51,6724.95,107125.08,12015.1,119140.17
2024-10-04,DC_NJ_01,Northeast,PSE&G,Large Commercial TOU,146766.43,7824.41,132885.81,12206.42,145092.24
2024-10-05,DC_NJ_01,Northeast,PSE&G,Large Commercial TOU,143377.57,6613.13,124862.59,15018.24,139880.82
2024-10-06,DC_NJ_01,Northeast,PSE&G,Large Commercial TOU,139401.53,6843.65,108221.48,10266.64,118488.12
2024-10-07,DC_NJ_01,Northeast,PSE&G,Large Commercial TOU,133707.11,7077.78,103564.96,8259.24,111824.2
2024-10-08,DC_NJ_01,Northeast,PSE&G,Large Commercial TOU,146237.33,7598.51,106540.13,10831.73,117371.86
2024-10-09,DC_NJ_01,Northeast,PSE&G,Large Commercial TOU,133345.53,6884.76,111951.79,8325.99,120277.78
2024-10-10,DC_NJ_01,Northeast,PSE&G,Large Commercial TOU,146882.88,6866.12,136854.24,15382.16,152236.4
2024-10-11,DC_NJ_01,Northeast,PSE&G,Large Commercial TOU,134344.83,7145.92,137574.04,11527.32,149101.36
2024-10-12,DC_NJ_01,Northeast,PSE&G,Large Commercial TOU,141624.08,7272.53,137566.74,12348.05,149914.79
2024-10-13,DC_NJ_01,Northeast,PSE&G,Large Commercial TOU,144033.24,7227.18,100907.94,14894.2,115802.14
2024-10-14,DC_NJ_01,Northeast,PSE&G,Large Commercial TOU,136038.81,6416.95,89256.7,10434.24,99690.94
2024-10-15,DC_NJ_01,Northeast,PSE&G,Large Commercial TOU,147058.83,6869.89,92838.19,13963.17,106801.36
2024-10-16,DC_NJ_01,Northeast,PSE&G,Large Commercial TOU,146514.36,7888.96,150147.25,12200.76,162348.01
2024-10-17,DC_NJ_01,Northeast,PSE&G,Large Commercial TOU,134275.86,7071.8,136270.88,9591.49,145862.37
2024-10-18,DC_NJ_01,Northeast,PSE&G,Large Commercial TOU,134354.49,6780.63,95400.07,13144.14,108544.21
2024-10-19,DC_NJ_01,Northeast,PSE&G,Large Commercial TOU,137212.3,6385.06,105217.8,10472.27,115690.08
2024-10-20,DC_NJ_01,Northeast,PSE&G,Large Commercial TOU,136263.95,6673.18,123783.74,8237.65,132021.39
2024-10-21,DC_NJ_01,Northeast,PSE&G,Large Commercial TOU,136592.75,6583.02,101759.88,8321.42,110081.3
2024-10-22,DC_NJ_01,Northeast,PSE&G,Large Commercial TOU,146854.66,7210.75,130006.85,10129.28,140136.13
2024-10-23,DC_NJ_01,Northeast,PSE&G,Large Commercial TOU,146295.41,6917.03,135424.35,14416.35,149840.69
2024-10-24,DC_NJ_01,Northeast,PSE&G,Large Commercial TOU,137608.67,7191.18,113538.62,13131.8,126670.43
2024-10-25,DC_NJ_01,Northeast,PSE&G,Large Commercial TOU,136230.51,6328.7,126075.13,13980.07,140055.2
2024-10-26,DC_NJ_01,Northeast,PSE&G,Large Commercial TOU,145221.77,7195.69,120564.96,13415.4,133980.35
2024-10-27,DC_NJ_01,Northeast,PSE&G,Large Commercial TOU,141228.34,6550.2,98087.09,14274.75,112361.84
2024-10-28,DC_NJ_01,Northeast,PSE&G,Large Commercial TOU,147638.87,7077.45,93928.41,8865.93,102794.35
2024-10-29,DC_NJ_01,Northeast,PSE&G,Large Commercial TOU,142817.59,7669.67,144448.02,9298.81,153746.83
2024-10-30,DC_NJ_01,Northeast,PSE&G,Large Commercial TOU,143850.76,7583.24,141955.01,10777.12,152732.12
2024-10-31,DC_NJ_01,Northeast,PSE&G,Large Commercial TOU,147581.39,7047.08,133502.9,9824.01,143326.92
2024-11-01,DC_NJ_01,Northeast,PSE&G,Large Commercial TOU,150529.34,6938.53,133748.42,14535.64,148284.06
2024-11-02,DC_NJ_01,Northeast,PSE&G,Large Commercial TOU,149220.66,8038.67,124907.94,14624.33,139532.26
2024-11-03,DC_NJ_01,Northeast,PSE&G,Large Commercial TOU,141570.03,6867.02,123377.71,13622.03,136999.74
2024-11-04,DC_NJ_01,Northeast,PSE&G,Large Commercial TOU,140168.64,7438.43,122748.92,13420.61,136169.54
2024-11-05,DC_NJ_01,Northeast,PSE&G,Large Commercial TOU,144305.55,7267.27,99050.01,9807.34,108857.35
2024-11-06,DC_NJ_01,Northeast,PSE&G,Large Commercial TOU,139014.89,6549.52,106382.8,11494.4,117877.21
2024-11-07,DC_NJ_01,Northeast,PSE&G,Large Commercial TOU,138168.42,7250.16,139889.48,10322.34,150211.83
2024-11-08,DC_NJ_01,Northeast,PSE&G,Large Commercial TOU,152195.8,7210.86,86601.36,12648.21,99249.57
2024-11-09,DC_NJ_01,Northeast,PSE&G,Large Commercial TOU,147064.8,7484.75,123253.6,10644.11,133897.71
2024-11-10,DC_NJ_01,Northeast,PSE&G,Large Commercial TOU,141867.56,6692.4,97758.53,13133.53,110892.05
2024-11-11,DC_NJ_01,Northeast,PSE&G,Large Commercial TOU,147432.02,7289.59,96198.1,16102.17,112300.27
2024-11-12,DC_NJ_01,Northeast,PSE&G,Large Commercial TOU,145840.67,7511.35,148706.68,11634.77,160341.45
2024-11-13,DC_NJ_01,Northeast,PSE&G,Large Commercial TOU,149861.11,7689.1,150869.36,14664.35,165533.71
2024-11-14,DC_NJ_01,Northeast,PSE&G,Large Commercial TOU,152850.14,7928.19,104393.47,14896.48,119289.95
2024-11-15,DC_NJ_01,Northeast,PSE&G,Large Commercial TOU,141273.58,7147.15,113345.64,8606.16,121951.8
2024-11-16,DC_NJ_01,Northeast,PSE&G,Large Commercial TOU,143108.16,6971.77,136158.02,14137.69,150295.71
2024-11-17,DC_NJ_01,Northeast,PSE&G,Large Commercial TOU,141327.24,7106.69,89971.18,14715.94,104687.12
2024-11-18,DC_NJ_01,Northeast,PSE&G,Large Commercial TOU,152706.36,7454.36,147743.46,11621.68,159365.14
2024-11-19,DC_NJ_01,Northeast,PSE&G,Large Commercial TOU,143743.79,7418.61,91467.51,14528.48,105995.99
2024-11-20,DC_NJ_01,Northeast,PSE&G,Large Commercial TOU,150978.7,8117.06,155602.09,9996.45,165598.54
2024-11-21,DC_NJ_01,Northeast,PSE&G,Large Commercial TOU,150135.07,7652.64,110126.75,13609.33,123736.08
2024-11-22,DC_NJ_01,Northeast,PSE&G,Large Commercial TOU,155489.48,8354.13,152608.02,14190.78,166798.8
2024-11-23,DC_NJ_01,Northeast,PSE&G,Large Commercial TOU,150962.95,7528.52,123648.5,14045.74,137694.25
2024-11-24,DC_NJ_01,Northeast,PSE&G,Large Commercial TOU,151030.35,7908.75,97483.45,12693.37,110176.83
2024-11-25,DC_NJ_01,Northeast,PSE&G,Large Commercial TOU,144825.28,7167.17,120023.08,13938.18,133961.25
2024-11-26,DC_NJ_01,Northeast,PSE&G,Large Commercial TOU,152408.38,7594.1,111117.96,13836.71,124954.67
2024-11-27,DC_NJ_01,Northeast,PSE&G,Large Commercial TOU,149996.98,7805.19,120740.4,15538.43,136278.84
2024-11-28,DC_NJ_01,Northeast,PSE&G,Large Commercial TOU,143863.24,6787.55,116923.12,8781.85,125704.97
2024-11-29,DC_NJ_01,Northeast,PSE&G,Large Commercial TOU,148508.72,7478.01,94613.32,12573.32,107186.64
2024-11-30,DC_NJ_01,Northeast,PSE&G,Large Commercial TOU,149879.27,7144.95,97375.8,12128.23,109504.03
2024-12-01,DC_NJ_01,Northeast,PSE&G,Large Commercial TOU,156810.65,7414.78,113648.3,16941.67,130589.96
2024-12-02,DC_NJ_01,Northeast,PSE&G,Large Commercial TOU,157216.0,8029.5,145669.5,15213.4,160882.9
2024-12-03,DC_NJ_01,Northeast,PSE&G,Large Commercial TOU,152337.69,7671.85,128154.23,13055.31,141209.54
2024-12-04,DC_NJ_01,Northeast,PSE&G,Large Commercial TOU,145395.24,7143.17,119875.09,13130.56,133005.65
2024-12-05,DC_NJ_01,Northeast,PSE&G,Large Commercial TOU,157368.38,8071.7,115189.89,17248.62,132438.51
2024-12-06,DC_NJ_01,Northeast,PSE&G,Large Commercial TOU,151047.56,7406.17,138406.44,12580.85,150987.29
2024-12-07,DC_NJ_01,Northeast,PSE&G,Large Commercial TOU,149467.39,7817.14,131444.06,11997.08,143441.14
2024-12-08,DC_NJ_01,Northeast,PSE&G,Large Commercial TOU,155882.86,7628.97,116755.67,13348.37,130104.03
2024-12-09,DC_NJ_01,Northeast,PSE&G,Large Commercial TOU,147523.47,7298.93,111236.86,9569.8,120806.66
2024-12-10,DC_NJ_01,Northeast,PSE&G,Large Commercial TOU,155925.54,7899.47,100813.73,14521.51,115335.24
2024-12-11,DC_NJ_01,Northeast,PSE&G,Large Commercial TOU,157171.04,7612.51,143601.58,12566.19,156167.76
2024-12-12,DC_NJ_01,Northeast,PSE&G,Large Commercial TOU,147526.49,7485.02,113572.26,13267.9,126840.15
2024-12-13,DC_NJ_01,Northeast,PSE&G,Large Commercial TOU,151384.36,7234.5,112396.6,15772.05,128168.65
2024-12-14,DC_NJ_01,Northeast,PSE&G,Large Commercial TOU,153168.95,7593.07,99970.72,14316.63,114287.35
2024-12-15,DC_NJ_01,Northeast,PSE&G,Large Commercial TOU,155346.65,7881.1,110494.83,16688.76,127183.59
2024-12-16,DC_NJ_01,Northeast,PSE&G,Large Commercial TOU,154267.72,7558.29,112269.81,13926.81,126196.62
2024-12-17,DC_NJ_01,Northeast,PSE&G,Large Commercial TOU,157330.72,8235.99,128242.16,14988.78,143230.94
2024-12-18,DC_NJ_01,Northeast,PSE&G,Large Commercial TOU,162865.09,8222.16,100914.73,14168.5,115083.23
2024-12-19,DC_NJ_01,Northeast,PSE&G,Large Commercial TOU,165143.85,7738.33,96060.28,11817.12,107877.4
2024-12-20,DC_NJ_01,Northeast,PSE&G,Large Commercial TOU,160027.76,7634.26,97019.56,11042.0,108061.56
2024-12-21,DC_NJ_01,Northeast,PSE&G,Large Commercial TOU,151884.14,7701.38,116899.42,14339.44,131238.86
2024-12-22,DC_NJ_01,Northeast,PSE&G,Large Commercial TOU,158180.35,8154.15,118928.71,9628.28,128556.99
2024-12-23,DC_NJ_01,Northeast,PSE&G,Large Commercial TOU,166355.42,8428.83,136326.55,12095.91,148422.46
2024-12-24,DC_NJ_01,Northeast,PSE&G,Large Commercial TOU,156678.54,7876.03,102874.45,10385.76,113260.21
2024-12-25,DC_NJ_01,Northeast,PSE&G,Large Commercial TOU,153840.05,8255.85,109795.03,14867.86,124662.89
2024-12-26,DC_NJ_01,Northeast,PSE&G,Large Commercial TOU,154888.02,8042.34,111599.46,10502.68,122102.13
2024-12-27,DC_NJ_01,Northeast,PSE&G,Large Commercial TOU,167638.36,8040.08,159427.24,15604.05,175031.29
2024-12-28,DC_NJ_01,Northeast,PSE&G,Large Commercial TOU,158541.51,7289.63,135929.82,11447.86,147377.68
2024-12-29,DC_NJ_01,Northeast,PSE&G,Large Commercial TOU,166771.89,8711.77,159983.73,10949.49,170933.22
2024-12-30,DC_NJ_01,Northeast,PSE&G,Large Commercial TOU,168002.02,8540.96,158987.43,17983.57,176971.0
2024-12-31,DC_NJ_01,Northeast,PSE&G,Large Commercial TOU,164294.9,8320.42,110447.77,12721.14,123168.9
2024-01-01,DC_TX_02,South,Oncor,Industrial Demand,92860.3,5012.27,95062.84,7460.9,102523.73
2024-01-02,DC_TX_02,South,Oncor,Industrial Demand,100222.31,5067.09,96417.15,9713.79,106130.94
2024-01-03,DC_TX_02,South,Oncor,Industrial Demand,96749.34,4698.01,86738.33,9034.42,95772.75
2024-01-04,DC_TX_02,South,Oncor,Industrial Demand,100469.43,5272.81,97772.08,8216.31,105988.38
2024-01-05,DC_TX_02,South,Oncor,Industrial Demand,94391.04,4754.55,69400.63,5690.64,75091.27
2024-01-06,DC_TX_02,South,Oncor,Industrial Demand,97020.08,4767.06,72022.95,9194.92,81217.87
2024-01-07,DC_TX_02,South,Oncor,Industrial Demand,98043.21,4687.73,64775.75,7712.33,72488.08
2024-01-08,DC_TX_02,South,Oncor,Industrial Demand,94548.97,4808.96,81540.29,8831.88,90372.17
2024-01-09,DC_TX_02,South,Oncor,Industrial Demand,98618.14,4832.11,78051.45,10174.11,88225.56
2024-01-10,DC_TX_02,South,Oncor,Industrial Demand,98987.9,4558.1,68560.92,7628.24,76189.17
2024-01-11,DC_TX_02,South,Oncor,Industrial Demand,98403.22,4985.9,84078.5,8529.6,92608.11
2024-01-12,DC_TX_02,South,Oncor,Industrial Demand,102262.08,5379.83,105682.31,9807.56,115489.87
2024-01-13,DC_TX_02,South,Oncor,Industrial Demand,95027.2,4510.45,77488.59,5737.57,83226.16
2024-01-14,DC_TX_02,South,Oncor,Industrial Demand,104032.64,4979.25,62151.65,11064.05,73215.7
2024-01-15,DC_TX_02,South,Oncor,Industrial Demand,104618.9,5101.59,81048.77,6807.66,87856.43
2024-01-16,DC_TX_02,South,Oncor,Industrial Demand,98031.52,4725.83,87069.71,7388.1,94457.81
2024-01-17,DC_TX_02,South,Oncor,Industrial Demand,101081.19,4895.12,86786.52,9149.54,95936.05
2024-01-18,DC_TX_02,South,Oncor,Industrial Demand,98603.62,4859.14,65351.58,6517.14,71868.72
2024-01-19,DC_TX_02,South,Oncor,Industrial Demand,102939.21,4873.69,86129.65,8879.35,95009.0
2024-01-20,DC_TX_02,South,Oncor,Industrial Demand,97334.35,4921.32,96966.72,7088.68,104055.4
2024-01-21,DC_TX_02,South,Oncor,Industrial Demand,101358.89,5326.4,65766.7,8870.05,74636.75
2024-01-22,DC_TX_02,South,Oncor,Industrial Demand,103088.25,5542.2,102827.25,9286.25,112113.5
2024-01-23,DC_TX_02,South,Oncor,Industrial Demand,105857.05,5052.98,85333.96,7473.75,92807.71
2024-01-24,DC_TX_02,South,Oncor,Industrial Demand,101237.44,5348.59,79305.6,10630.05,89935.64
2024-01-25,DC_TX_02,South,Oncor,Industrial Demand,99657.9,5215.87,96915.57,7348.8,104264.37
2024-01-26,DC_TX_02,South,Oncor,Industrial Demand,101772.7,5230.73,88874.76,6592.51,95467.27
2024-01-27,DC_TX_02,South,Oncor,Industrial Demand,102261.8,5186.9,92819.46,6994.78,99814.24
2024-01-28,DC_TX_02,South,Oncor,Industrial Demand,106694.22,5082.86,61955.52,6912.26,68867.79
2024-01-29,DC_TX_02,South,Oncor,Industrial Demand,104623.74,5324.56,73774.83,9137.3,82912.13
2024-01-30,DC_TX_02,South,Oncor,Industrial Demand,102230.62,5192.02,103333.0,8673.08,112006.08
2024-01-31,DC_TX_02,South,Oncor,Industrial Demand,99791.04,5151.83,79470.09,8004.83,87474.92
2024-02-01,DC_TX_02,South,Oncor,Industrial Demand,106009.93,5470.5,71265.02,11614.74,82879.76
2024-02-02,DC_TX_02,South,Oncor,Industrial Demand,99832.12,5178.24,73496.26,8877.01,82373.26
2024-02-03,DC_TX_02,South,Oncor,Industrial Demand,99760.9,4643.59,62850.65,10445.92,73296.57
2024-02-04,DC_TX_02,South,Oncor,Industrial Demand,102490.13,4891.05,61409.02,7968.59,69377.61
2024-02-05,DC_TX_02,South,Oncor,Industrial Demand,104722.74,4858.8,67390.04,10474.14,77864.18
2024-02-06,DC_TX_02,South,Oncor,Industrial Demand,105131.5,5589.56,90906.72,9729.28,100636.0
2024-02-07,DC_TX_02,South,Oncor,Industrial Demand,103057.18,5009.44,99953.92,9633.2,109587.12
2024-02-08,DC_TX_02,South,Oncor,Industrial Demand,106786.36,5390.74,84751.28,10308.36,95059.64
2024-02-09,DC_TX_02,South,Oncor,Industrial Demand,100639.35,5084.21,68140.78,10857.1,78997.88
2024-02-10,DC_TX_02,South,Oncor,Industrial Demand,107455.68,5104.98,65208.02,9326.23,74534.25
2024-02-11,DC_TX_02,South,Oncor,Industrial Demand,105108.33,5479.79,94906.11,8133.13,103039.24
2024-02-12,DC_TX_02,South,Oncor,Industrial Demand,108937.5,5834.67,88655.09,7814.32,96469.4
2024-02-13,DC_TX_02,South,Oncor,Industrial Demand,102304.19,5535.07,90330.43,10880.06,101210.49
2024-02-14,DC_TX_02,South,Oncor,Industrial Demand,109794.28,5508.89,70034.49,10010.96,80045.45
2024-02-15,DC_TX_02,South,Oncor,Industrial Demand,109050.62,5114.21,93366.24,11047.2,104413.44
2024-02-16,DC_TX_02,South,Oncor,Industrial Demand,108730.52,5016.25,70753.66,8171.8,78925.45
2024-02-17,DC_TX_02,South,Oncor,Industrial Demand,105184.26,4897.77,80472.37,11238.72,91711.08
2024-02-18,DC_TX_02,South,Oncor,Industrial Demand,104765.43,5148.33,86516.45,8628.49,95144.94
2024-02-19,DC_TX_02,South,Oncor,Industrial Demand,107175.95,5733.37,114307.72,9093.68,123401.4
2024-02-20,DC_TX_02,South,Oncor,Industrial Demand,110937.2,5277.38,68241.5,11818.11,80059.61
2024-02-21,DC_TX_02,South,Oncor,Industrial Demand,110738.79,5426.78,102807.31,11505.62,114312.93
2024-02-22,DC_TX_02,South,Oncor,Industrial Demand,110778.36,5806.66,73438.89,8334.29,81773.19
2024-02-23,DC_TX_02,South,Oncor,Industrial Demand,106601.77,5040.06,74435.7,10100.26,84535.96
2024-02-24,DC_TX_02,South,Oncor,Industrial Demand,112927.15,5779.02,75475.15,11419.65,86894.8
2024-02-25,DC_TX_02,South,Oncor,Industrial Demand,111859.69,5987.06,100882.17,9435.71,110317.88
2024-02-26,DC_TX_02,South,Oncor,Industrial Demand,110963.59,5247.5,79705.93,9446.14,89152.08
2024-02-27,DC_TX_02,South,Oncor,Industrial Demand,104419.96,5105.73,62323.08,6621.13,68944.21
2024-02-28,DC_TX_02,South,Oncor,Industrial Demand,104437.89,5624.95,110961.03,9135.86,120096.89
2024-02-29,DC_TX_02,South,Oncor,Industrial Demand,107801.87,5221.04,81010.13,9196.26,90206.39
2024-03-01,DC_TX_02,South,Oncor,Industrial Demand,104388.73,5341.94,90581.73,7390.92,97972.66
2024-03-02,DC_TX_02,South,Oncor,Industrial Demand,110445.65,5202.01,94916.41,6965.53,101881.94
2024-03-03,DC_TX_02,South,Oncor,Industrial Demand,108507.96,5025.88,62633.69,11908.02,74541.71
2024-03-04,DC_TX_02,South,Oncor,Industrial Demand,111205.41,6008.5,78939.66,8002.23,86941.9
2024-03-05,DC_TX_02,South,Oncor,Industrial Demand,105072.76,5081.38,89113.72,6835.22,95948.94
2024-03-06,DC_TX_02,South,Oncor,Industrial Demand,104548.79,5235.65,96921.08,11483.1,108404.18
2024-03-07,DC_TX_02,South,Oncor,Industrial Demand,110719.92,5357.23,86874.66,10097.08,96971.74
2024-03-08,DC_TX_02,South,Oncor,Industrial Demand,108770.41,5103.79,79610.31,11348.04,90958.35
2024-03-09,DC_TX_02,South,Oncor,Industrial Demand,106349.39,5200.27,96830.64,8583.09,105413.72
2024-03-10,DC_TX_02,South,Oncor,Industrial Demand,112381.09,5871.26,90001.92,6804.85,96806.77
2024-03-11,DC_TX_02,South,Oncor,Industrial Demand,109724.11,5046.57,91253.7,8008.84,99262.53
2024-03-12,DC_TX_02,South,Oncor,Industrial Demand,106046.76,5333.54,64519.68,7503.88,72023.56
2024-03-13,DC_TX_02,South,Oncor,Industrial Demand,107297.45,5790.37,113934.92,10737.99,124672.91
2024-03-14,DC_TX_02,South,Oncor,Industrial Demand,110119.42,5147.84,80486.59,9624.21,90110.8
2024-03-15,DC_TX_02,South,Oncor,Industrial Demand,114155.98,5325.45,70298.08,9636.14,79934.22
2024-03-16,DC_TX_02,South,Oncor,Industrial Demand,108518.89,5640.59,84648.97,9093.98,93742.95
2024-03-17,DC_TX_02,South,Oncor,Industrial Demand,109385.66,5432.32,103956.5,10856.62,114813.12
2024-03-18,DC_TX_02,South,Oncor,Industrial Demand,115684.31,6060.8,106094.78,8765.44,114860.22
2024-03-19,DC_TX_02,South,Oncor,Industrial Demand,110046.31,5277.34,64950.34,11229.52,76179.86
2024-03-20,DC_TX_02,South,Oncor,Industrial Demand,115278.02,5726.89,98931.13,10589.45,109520.58
2024-03-21,DC_TX_02,South,Oncor,Industrial Demand,115293.04,5895.96,73895.35,10456.7,84352.05
2024-03-22,DC_TX_02,South,Oncor,Industrial Demand,111197.45,5235.7,84283.17,10771.88,95055.06
2024-03-23,DC_TX_02,South,Oncor,Industrial Demand,113074.41,5221.84,92586.38,7263.85,99850.23
2024-03-24,DC_TX_02,South,Oncor,Industrial Demand,106392.83,4939.51,97071.4,6447.98,103519.38
2024-03-25,DC_TX_02,South,Oncor,Industrial Demand,113864.26,5553.97,82185.53,8520.1,90705.63
2024-03-26,DC_TX_02,South,Oncor,Industrial Demand,114349.92,5871.27,78633.16,7919.85,86553.01
2024-03-27,DC_TX_02,South,Oncor,Industrial Demand,106888.53,5487.21,77481.5,10498.45,87979.95
2024-03-28,DC_TX_02,South,Oncor,Industrial Demand,106087.57,4934.99,70884.04,11499.15,82383.19
2024-03-29,DC_TX_02,South,Oncor,Industrial Demand,114488.6,5843.37,79735.67,9055.7,88791.37
2024-03-30,DC_TX_02,South,Oncor,Industrial Demand,107322.49,5468.99,93799.87,10596.13,104396.0
2024-03-31,DC_TX_02,South,Oncor,Industrial Demand,111939.59,5169.7,95069.26,12136.99,107206.25
2024-04-01,DC_TX_02,South,Oncor,Industrial Demand,109340.83,5904.38,98363.28,9850.96,108214.24
2024-04-02,DC_TX_02,South,Oncor,Industrial Demand,114474.76,6021.15,78424.11,10626.0,89050.11
2024-04-03,DC_TX_02,South,Oncor,Industrial Demand,109942.95,5889.35,88206.84,7831.32,96038.16
2024-04-04,DC_TX_02,South,Oncor,Industrial Demand,111034.59,5495.66,107410.54,10064.95,117475.49
2024-04-05,DC_TX_02,South,Oncor,Industrial Demand,108934.57,5103.13,97446.34,7611.64,105057.98
2024-04-06,DC_TX_02,South,Oncor,Industrial Demand,113503.31,5472.66,103383.86,11440.83,114824.69
2024-04-07,DC_TX_02,South,Oncor,Industrial Demand,115784.37,6193.43,111731.52,8407.34,120138.86
2024-04-08,DC_TX_02,South,Oncor,Industrial Demand,111496.48,5892.59,107313.33,10751.0,118064.32
2024-04-09,DC_TX_02,South,Oncor,Industrial Demand,113715.21,5380.08,106941.85,9921.81,116863.65
2024-04-10,DC_TX_02,South,Oncor,Industrial Demand,116890.65,5399.54,70484.72,7976.7,78461.42
2024-04-11,DC_TX_02,South,Oncor,Industrial Demand,114546.06,6030.65,96772.69,8095.61,104868.29
2024-04-12,DC_TX_02,South,Oncor,Industrial Demand,115851.3,6017.32,100626.3,10092.02,110718.32
2024-04-13,DC_TX_02,South,Oncor,Industrial Demand,112144.46,5418.02,94875.47,9896.87,104772.34
2024-04-14,DC_TX_02,South,Oncor,Industrial Demand,116247.92,5944.43,78945.38,11398.82,90344.2
2024-04-15,DC_TX_02,South,Oncor,Industrial Demand,111644.01,5125.7,91297.38,8075.65,99373.03
2024-04-16,DC_TX_02,South,Oncor,Industrial Demand,117594.75,5486.95,100962.98,9416.37,110379.35
2024-04-17,DC_TX_02,South,Oncor,Industrial Demand,108769.65,5488.41,92907.21,10512.97,103420.18
2024-04-18,DC_TX_02,South,Oncor,Industrial Demand,108591.8,5298.72,87078.21,10771.18,97849.39
2024-04-19,DC_TX_02,South,Oncor,Industrial Demand,106541.65,5558.8,99868.72,6580.61,106449.33
2024-04-20,DC_TX_02,South,Oncor,Industrial Demand,108748.49,5852.55,85537.64,8525.56,94063.2
2024-04-21,DC_TX_02,South,Oncor,Industrial Demand,108140.93,5231.86,104483.81,11228.55,115712.36
2024-04-22,DC_TX_02,South,Oncor,Industrial Demand,110590.21,5482.15,104651.88,10628.11,115279.99
2024-04-23,DC_TX_02,South,Oncor,Industrial Demand,113095.68,5552.55,97530.25,9119.03,106649.28
2024-04-24,DC_TX_02,South,Oncor,Industrial Demand,106471.48,5429.68,99654.08,8280.78,107934.86
2024-04-25,DC_TX_02,South,Oncor,Industrial Demand,107459.37,5451.95,93438.87,9031.81,102470.68
2024-04-26,DC_TX_02,South,Oncor,Industrial Demand,107123.62,5427.58,89475.22,9434.83,98910.05
2024-04-27,DC_TX_02,South,Oncor,Industrial Demand,113131.6,5822.95,82444.59,11341.38,93785.97
2024-04-28,DC_TX_02,South,Oncor,Industrial Demand,115584.49,5777.54,72036.78,7380.41,79417.19
2024-04-29,DC_TX_02,South,Oncor,Industrial Demand,110060.67,5764.33,105538.71,10498.03,116036.74
2024-04-30,DC_TX_02,South,Oncor,Industrial Demand,112076.35,5547.97,81142.0,7550.88,88692.88
2024-05-01,DC_TX_02,South,Oncor,Industrial Demand,111109.76,5174.57,86859.26,7892.19,94751.46
2024-05-02,DC_TX_02,South,Oncor,Industrial Demand,114444.56,6197.5,106228.46,12206.16,118434.62
2024-05-03,DC_TX_02,South,Oncor,Industrial Demand,110888.6,5670.27,73411.2,11009.31,84420.5
2024-05-04,DC_TX_02,South,Oncor,Industrial Demand,110718.73,5849.46,96954.62,8768.0,105722.62
2024-05-05,DC_TX_02,South,Oncor,Industrial Demand,112659.39,5336.75,78322.58,8800.02,87122.6
2024-05-06,DC_TX_02,South,Oncor,Industrial Demand,106341.35,4895.42,69439.36,10802.67,80242.04
2024-05-07,DC_TX_02,South,Oncor,Industrial Demand,111780.81,5401.55,76023.47,11964.34,87987.81
2024-05-08,DC_TX_02,South,Oncor,Industrial Demand,110740.68,5881.0,79327.75,11306.26,90634.01
2024-05-09,DC_TX_02,South,Oncor,Industrial Demand,114842.26,5702.1,74514.09,9663.8,84177.89
2024-05-10,DC_TX_02,South,Oncor,Industrial Demand,106737.27,5539.61,85835.18,9053.78,94888.96
2024-05-11,DC_TX_02,South,Oncor,Industrial Demand,113903.87,5947.22,100399.75,7739.25,108139.0
2024-05-12,DC_TX_02,South,Oncor,Industrial Demand,107226.51,5585.94,109780.07,9955.74,119735.81
2024-05-13,DC_TX_02,South,Oncor,Industrial Demand,106424.17,4928.37,69458.76,7887.03,77345.79
2024-05-14,DC_TX_02,South,Oncor,Industrial Demand,108337.13,5783.63,81986.37,7851.98,89838.36
2024-05-15,DC_TX_02,South,Oncor,Industrial Demand,113959.76,5650.26,70757.78,11263.27,82021.05
2024-05-16,DC_TX_02,South,Oncor,Industrial Demand,110867.07,5112.46,98422.57,6999.33,105421.91
2024-05-17,DC_TX_02,South,Oncor,Industrial Demand,106927.55,5375.27,79439.7,8613.53,88053.23
2024-05-18,DC_TX_02,South,Oncor,Industrial Demand,115283.69,5304.8,104542.55,10743.23,115285.77
2024-05-19,DC_TX_02,South,Oncor,Industrial Demand,111437.85,5977.55,91757.42,6977.45,98734.86
2024-05-20,DC_TX_02,South,Oncor,Industrial Demand,108034.27,5609.52,78826.3,11782.74,90609.04
2024-05-21,DC_TX_02,South,Oncor,Industrial Demand,112309.86,5332.94,83788.24,9913.2,93701.44
2024-05-22,DC_TX_02,South,Oncor,Industrial Demand,115734.58,5891.4,76074.25,8966.57,85040.82
2024-05-23,DC_TX_02,South,Oncor,Industrial Demand,106578.19,5084.95,95622.1,7732.07,103354.17
2024-05-24,DC_TX_02,South,Oncor,Industrial Demand,111014.33,5572.36,105212.3,7297.91,112510.21
2024-05-25,DC_TX_02,South,Oncor,Industrial Demand,112702.61,5229.09,85486.76,10750.9,96237.66
2024-05-26,DC_TX_02,South,Oncor,Industrial Demand,105544.22,5240.54,69836.4,8890.5,78726.9
2024-05-27,DC_TX_02,South,Oncor,Industrial Demand,114960.23,6083.29,95497.68,10743.16,106240.84
2024-05-28,DC_TX_02,South,Oncor,Industrial Demand,108986.54,5586.44,69820.41,9511.43,79331.84
2024-05-29,DC_TX_02,South,Oncor,Industrial Demand,109993.91,5780.55,71769.3,9125.31,80894.61
2024-05-30,DC_TX_02,South,Oncor,Industrial Demand,112896.63,5363.87,71434.19,8233.67,79667.85
2024-05-31,DC_TX_02,South,Oncor,Industrial Demand,107789.18,5620.08,76652.61,9266.56,85919.17
2024-06-01,DC_TX_02,South,Oncor,Industrial Demand,113684.45,6043.83,84071.87,11769.63,95841.5
2024-06-02,DC_TX_02,South,Oncor,Industrial Demand,108904.81,5885.39,71903.78,10738.08,82641.87
2024-06-03,DC_TX_02,South,Oncor,Industrial Demand,104576.17,5197.38,84767.2,11028.71,95795.91
2024-06-04,DC_TX_02,South,Oncor,Industrial Demand,109195.67,5100.78,94756.28,10137.62,104893.9
2024-06-05,DC_TX_02,South,Oncor,Industrial Demand,107803.12,5637.75,76843.34,11666.87,88510.2
2024-06-06,DC_TX_02,South,Oncor,Industrial Demand,109248.91,5268.65,87568.97,10885.86,98454.83
2024-06-07,DC_TX_02,South,Oncor,Industrial Demand,110345.34,5791.21,111890.39,8805.39,120695.78
2024-06-08,DC_TX_02,South,Oncor,Industrial Demand,109123.24,5145.12,94392.83,10344.33,104737.16
2024-06-09,DC_TX_02,South,Oncor,Industrial Demand,106655.85,5650.25,80319.68,11231.62,91551.3
2024-06-10,DC_TX_02,South,Oncor,Industrial Demand,113775.63,5348.13,72059.62,7975.76,80035.38
2024-06-11,DC_TX_02,South,Oncor,Industrial Demand,112679.4,5778.85,89702.7,7617.71,97320.41
2024-06-12,DC_TX_02,South,Oncor,Industrial Demand,109535.73,5096.57,93923.88,11404.95,105328.83
2024-06-13,DC_TX_02,South,Oncor,Industrial Demand,108221.37,5832.34,115905.49,8753.82,124659.3
2024-06-14,DC_TX_02,South,Oncor,Industrial Demand,109856.05,5616.09,107016.95,7502.92,114519.88
2024-06-15,DC_TX_02,South,Oncor,Industrial Demand,107135.02,5055.2,83299.75,6495.64,89795.39
2024-06-16,DC_TX_02,South,Oncor,Industrial Demand,108087.63,5601.96,70782.18,11296.55,82078.73
2024-06-17,DC_TX_02,South,Oncor,Industrial Demand,110158.53,5220.97,96862.17,11336.29,108198.46
2024-06-18,DC_TX_02,South,Oncor,Industrial Demand,107977.72,5588.07,88120.13,8175.8,96295.93
2024-06-19,DC_TX_02,South,Oncor,Industrial Demand,110865.87,5505.66,87835.64,8635.33,96470.97
2024-06-20,DC_TX_02,South,Oncor,Industrial Demand,110804.0,5388.04,95347.3,7610.91,102958.21
2024-06-21,DC_TX_02,South,Oncor,Industrial Demand,110646.02,5164.07,67834.05,7965.82,75799.87
2024-06-22,DC_TX_02,South,Oncor,Industrial Demand,105395.61,5226.17,89938.17,10269.89,100208.06
2024-06-23,DC_TX_02,South,Oncor,Industrial Demand,108184.93,5276.16,83206.55,11042.69,94249.25
2024-06-24,DC_TX_02,South,Oncor,Industrial Demand,111876.01,5718.86,99562.06,7418.86,106980.92
2024-06-25,DC_TX_02,South,Oncor,Industrial Demand,104764.35,5400.89,72366.78,6650.66,79017.43
2024-06-26,DC_TX_02,South,Oncor,Industrial Demand,110285.51,5263.54,74922.34,11232.81,86155.15
2024-06-27,DC_TX_02,South,Oncor,Industrial Demand,107884.12,5568.75,80426.65,9238.41,89665.06
2024-06-28,DC_TX_02,South,Oncor,Industrial Demand,103178.74,4757.56,81950.45,7758.76,89709.22
2024-06-29,DC_TX_02,South,Oncor,Industrial Demand,110748.38,5880.0,107648.65,10886.92,118535.58
2024-06-30,DC_TX_02,South,Oncor,Industrial Demand,107712.75,5170.47,89789.64,11348.59,101138.23
2024-07-01,DC_TX_02,South,Oncor,Industrial Demand,106470.4,4978.37,78075.09,8768.13,86843.23
2024-07-02,DC_TX_02,South,Oncor,Industrial Demand,109550.18,5520.1,109377.39,8656.66,118034.05
2024-07-03,DC_TX_02,South,Oncor,Industrial Demand,101453.54,5007.2,89725.11,6300.39,96025.5
2024-07-04,DC_TX_02,South,Oncor,Industrial Demand,109836.61,5290.5,75853.81,11304.06,87157.88
2024-07-05,DC_TX_02,South,Oncor,Industrial Demand,109620.1,5713.0,69378.96,10988.9,80367.87
2024-07-06,DC_TX_02,South,Oncor,Industrial Demand,110027.95,5709.23,106392.44,8278.23,114670.67
2024-07-07,DC_TX_02,South,Oncor,Industrial Demand,102732.59,5455.75,96182.01,6742.24,102924.25
2024-07-08,DC_TX_02,South,Oncor,Industrial Demand,105320.52,4911.92,59430.41,7593.05,67023.46
2024-07-09,DC_TX_02,South,Oncor,Industrial Demand,104433.08,5048.7,72589.72,9390.4,81980.12
2024-07-10,DC_TX_02,South,Oncor,Industrial Demand,102533.82,5334.49,102545.7,6398.84,108944.54
2024-07-11,DC_TX_02,South,Oncor,Industrial Demand,108175.47,5560.04,106410.44,9699.13,116109.57
2024-07-12,DC_TX_02,South,Oncor,Industrial Demand,101078.23,4699.27,86262.73,7275.16,93537.89
2024-07-13,DC_TX_02,South,Oncor,Industrial Demand,99380.2,5037.59,94936.21,10909.15,105845.36
2024-07-14,DC_TX_02,South,Oncor,Industrial Demand,104322.25,4836.76,81218.09,10595.87,91813.97
2024-07-15,DC_TX_02,South,Oncor,Industrial Demand,99964.76,4659.9,80866.14,10544.42,91410.55
2024-07-16,DC_TX_02,South,Oncor,Industrial Demand,107257.33,5701.6,92021.41,9501.78,101523.18
2024-07-17,DC_TX_02,South,Oncor,Industrial Demand,102987.06,4992.25,90814.24,8417.11,99231.35
2024-07-18,DC_TX_02,South,Oncor,Industrial Demand,104635.55,5574.04,93960.07,8597.8,102557.87
2024-07-19,DC_TX_02,South,Oncor,Industrial Demand,104810.25,5320.6,73953.54,9970.78,83924.32
2024-07-20,DC_TX_02,South,Oncor,Industrial Demand,103452.45,4831.42,76826.09,8196.08,85022.17
2024-07-21,DC_TX_02,South,Oncor,Industrial Demand,104769.37,5631.82,101084.09,9432.65,110516.74
2024-07-22,DC_TX_02,South,Oncor,Industrial Demand,103137.7,5272.14,73995.25,6554.05,80549.31
2024-07-23,DC_TX_02,South,Oncor,Industrial Demand,101526.58,5053.06,66297.08,6323.32,72620.4
2024-07-24,DC_TX_02,South,Oncor,Industrial Demand,100530.57,5421.56,85965.99,7697.36,93663.35
2024-07-25,DC_TX_02,South,Oncor,Industrial Demand,99582.12,5071.04,69249.78,7372.48,76622.26
2024-07-26,DC_TX_02,South,Oncor,Industrial Demand,102752.25,4714.19,64832.17,6204.51,71036.68
2024-07-27,DC_TX_02,South,Oncor,Industrial Demand,97715.53,4566.59,84119.78,7518.53,91638.31
2024-07-28,DC_TX_02,South,Oncor,Industrial Demand,103081.16,5164.94,100478.89,7697.53,108176.42
2024-07-29,DC_TX_02,South,Oncor,Industrial Demand,101173.7,4710.56,60816.62,9191.97,70008.59
2024-07-30,DC_TX_02,South,Oncor,Industrial Demand,100530.09,5032.71,80263.6,10426.09,90689.69
2024-07-31,DC_TX_02,South,Oncor,Industrial Demand,104058.93,5630.3,79938.12,6927.67,86865.79
2024-08-01,DC_TX_02,South,Oncor,Industrial Demand,100808.78,4974.77,95818.47,8120.25,103938.73
2024-08-02,DC_TX_02,South,Oncor,Industrial Demand,103949.51,5290.95,98360.43,7844.93,106205.36
2024-08-03,DC_TX_02,South,Oncor,Industrial Demand,106287.42,5598.87,95691.39,6385.56,102076.95
2024-08-04,DC_TX_02,South,Oncor,Industrial Demand,96994.42,4653.8,78325.11,6108.34,84433.45
2024-08-05,DC_TX_02,South,Oncor,Industrial Demand,103338.83,4834.95,75666.52,8183.6,83850.12
2024-08-06,DC_TX_02,South,Oncor,Industrial Demand,100013.8,4684.83,84371.16,8095.86,92467.02
2024-08-07,DC_TX_02,South,Oncor,Industrial Demand,96894.44,4505.74,88014.19,7532.43,95546.62
2024-08-08,DC_TX_02,South,Oncor,Industrial Demand,102840.73,5295.16,88690.12,8031.45,96721.57
2024-08-09,DC_TX_02,South,Oncor,Industrial Demand,96086.66,4913.31,83037.79,10152.93,93190.73
2024-08-10,DC_TX_02,South,Oncor,Industrial Demand,104710.27,5430.95,104380.81,6913.8,111294.61
2024-08-11,DC_TX_02,South,Oncor,Industrial Demand,96470.19,4850.82,58664.09,6473.81,65137.9
2024-08-12,DC_TX_02,South,Oncor,Industrial Demand,99962.79,4827.4,80219.85,8426.87,88646.72
2024-08-13,DC_TX_02,South,Oncor,Industrial Demand,96063.75,4501.39,66374.52,8447.09,74821.61
2024-08-14,DC_TX_02,South,Oncor,Industrial Demand,102871.1,5274.11,92507.56,10521.68,103029.24
2024-08-15,DC_TX_02,South,Oncor,Industrial Demand,99774.52,5132.54,74167.81,7360.27,81528.08
2024-08-16,DC_TX_02,South,Oncor,Industrial Demand,103294.09,5118.58,95100.1,10321.04,105421.15
2024-08-17,DC_TX_02,South,Oncor,Industrial Demand,103896.08,5555.53,80838.11,8472.65,89310.76
2024-08-18,DC_TX_02,South,Oncor,Industrial Demand,101051.99,4944.11,87237.34,9100.11,96337.45
2024-08-19,DC_TX_02,South,Oncor,Industrial Demand,102035.99,4995.13,77145.98,6973.45,84119.43
2024-08-20,DC_TX_02,South,Oncor,Industrial Demand,96495.78,5138.48,68011.25,7458.53,75469.78
2024-08-21,DC_TX_02,South,Oncor,Industrial Demand,95252.64,4878.38,71833.36,8748.49,80581.85
2024-08-22,DC_TX_02,South,Oncor,Industrial Demand,95646.39,4710.29,82038.94,7227.12,89266.06
2024-08-23,DC_TX_02,South,Oncor,Industrial Demand,100912.83,4931.77,98163.43,7154.18,105317.61
2024-08-24,DC_TX_02,South,Oncor,Industrial Demand,99330.45,5122.37,81367.36,6657.89,88025.25
2024-08-25,DC_TX_02,South,Oncor,Industrial Demand,95013.24,4754.98,71674.94,10280.52,81955.46
2024-08-26,DC_TX_02,South,Oncor,Industrial Demand,95068.32,4381.82,58191.47,7548.36,65739.83
2024-08-27,DC_TX_02,South,Oncor,Industrial Demand,94855.74,4945.31,70787.03,7866.02,78653.05
2024-08-28,DC_TX_02,South,Oncor,Industrial Demand,103529.1,4845.28,70313.44,11160.02,81473.46
2024-08-29,DC_TX_02,South,Oncor,Industrial Demand,103356.47,5256.49,104457.49,10473.67,114931.16
2024-08-30,DC_TX_02,South,Oncor,Industrial Demand,97336.45,5240.87,79053.73,7735.73,86789.46
2024-08-31,DC_TX_02,South,Oncor,Industrial Demand,97805.25,4924.01,80899.99,6622.12,87522.11
2024-09-01,DC_TX_02,South,Oncor,Industrial Demand,99759.82,5205.72,80811.13,10143.83,90954.95
2024-09-02,DC_TX_02,South,Oncor,Industrial Demand,97339.22,4671.74,58215.44,6787.58,65003.02
2024-09-03,DC_TX_02,South,Oncor,Industrial Demand,97697.6,4697.83,77334.09,10582.69,87916.78
2024-09-04,DC_TX_02,South,Oncor,Industrial Demand,97708.31,4950.94,76998.68,6542.53,83541.21
2024-09-05,DC_TX_02,South,Oncor,Industrial Demand,100440.85,5012.75,100008.3,8044.2,108052.5
2024-09-06,DC_TX_02,South,Oncor,Industrial Demand,102927.75,5252.24,89105.68,9105.9,98211.59
2024-09-07,DC_TX_02,South,Oncor,Industrial Demand,96166.69,4724.3,74664.56,5959.74,80624.3
2024-09-08,DC_TX_02,South,Oncor,Industrial Demand,99527.65,4750.58,91570.43,10769.03,102339.46
2024-09-09,DC_TX_02,South,Oncor,Industrial Demand,101278.93,5092.12,66427.88,10482.21,76910.09
2024-09-10,DC_TX_02,South,Oncor,Industrial Demand,101935.39,4778.07,67877.92,10164.03,78041.95
2024-09-11,DC_TX_02,South,Oncor,Industrial Demand,102775.08,5519.06,86656.96,6931.13,93588.09
2024-09-12,DC_TX_02,South,Oncor,Industrial Demand,103789.1,5175.1,86475.22,10708.69,97183.9
2024-09-13,DC_TX_02,South,Oncor,Industrial Demand,97780.4,4714.47,85305.41,6860.39,92165.8
2024-09-14,DC_TX_02,South,Oncor,Industrial Demand,97883.31,4903.36,81485.23,8282.52,89767.75
2024-09-15,DC_TX_02,South,Oncor,Industrial Demand,102620.81,5542.16,103195.78,8248.58,111444.36
2024-09-16,DC_TX_02,South,Oncor,Industrial Demand,101618.35,5143.18,69966.82,10954.7,80921.52
2024-09-17,DC_TX_02,South,Oncor,Industrial Demand,95132.35,5037.23,94577.74,7796.81,102374.55
2024-09-18,DC_TX_02,South,Oncor,Industrial Demand,102896.71,4769.65,74342.47,10719.08,85061.56
2024-09-19,DC_TX_02,South,Oncor,Industrial Demand,99115.63,5060.34,61497.98,10537.89,72035.87
2024-09-20,DC_TX_02,South,Oncor,Industrial Demand,98793.61,5094.23,89354.09,9497.56,98851.64
2024-09-21,DC_TX_02,South,Oncor,Industrial Demand,95416.24,4611.3,85011.69,7436.34,92448.03
2024-09-22,DC_TX_02,South,Oncor,Industrial Demand,96862.16,4609.59,55641.97,10448.75,66090.73
2024-09-23,DC_TX_02,South,Oncor,Industrial Demand,104005.89,5353.55,76860.65,10548.64,87409.29
2024-09-24,DC_TX_02,South,Oncor,Industrial Demand,94284.17,4901.1,87846.43,9589.38,97435.81
2024-09-25,DC_TX_02,South,Oncor,Industrial Demand,95583.57,4981.04,86014.24,9409.83,95424.07
2024-09-26,DC_TX_02,South,Oncor,Industrial Demand,101792.26,5383.05,68412.27,9230.54,77642.82
2024-09-27,DC_TX_02,South,Oncor,Industrial Demand,99064.0,4604.54,70250.72,7962.48,78213.2
2024-09-28,DC_TX_02,South,Oncor,Industrial Demand,94916.88,4626.26,85428.06,6221.79,91649.85
2024-09-29,DC_TX_02,South,Oncor,Industrial Demand,103706.54,4815.71,77921.2,11174.98,89096.18
2024-09-30,DC_TX_02,South,Oncor,Industrial Demand,97315.12,4522.61,83017.56,8274.82,91292.38
2024-10-01,DC_TX_02,South,Oncor,Industrial Demand,101409.12,4690.36,71401.33,6454.19,77855.52
2024-10-02,DC_TX_02,South,Oncor,Industrial Demand,97366.26,4651.17,85711.19,7209.99,92921.18
2024-10-03,DC_TX_02,South,Oncor,Industrial Demand,103722.63,5104.11,74376.86,10922.57,85299.43
2024-10-04,DC_TX_02,South,Oncor,Industrial Demand,99275.29,4737.11,93945.65,9135.69,103081.34
2024-10-05,DC_TX_02,South,Oncor,Industrial Demand,100599.48,4910.78,63758.39,9294.47,73052.87
2024-10-06,DC_TX_02,South,Oncor,Industrial Demand,103503.81,5177.85,86402.37,8535.7,94938.07
2024-10-07,DC_TX_02,South,Oncor,Industrial Demand,100941.41,4686.86,65313.48,9501.7,74815.19
2024-10-08,DC_TX_02,South,Oncor,Industrial Demand,101900.96,5368.94,88157.97,10210.26,98368.24
2024-10-09,DC_TX_02,South,Oncor,Industrial Demand,100040.15,4704.28,66665.71,9880.7,76546.41
2024-10-10,DC_TX_02,South,Oncor,Industrial Demand,99881.38,4814.51,82022.23,6661.23,88683.46
2024-10-11,DC_TX_02,South,Oncor,Industrial Demand,95536.9,4974.8,59702.98,7249.28,66952.26
2024-10-12,DC_TX_02,South,Oncor,Industrial Demand,100186.79,4631.01,81764.26,7394.63,89158.89
2024-10-13,DC_TX_02,South,Oncor,Industrial Demand,95780.67,5059.88,70709.81,5765.13,76474.94
2024-10-14,DC_TX_02,South,Oncor,Industrial Demand,102664.48,4976.04,74052.73,6682.91,80735.64
2024-10-15,DC_TX_02,South,Oncor,Industrial Demand,98037.39,5181.86,94887.38,7418.23,102305.61
2024-10-16,DC_TX_02,South,Oncor,Industrial Demand,104372.2,5161.05,77511.4,11010.97,88522.37
2024-10-17,DC_TX_02,South,Oncor,Industrial Demand,105200.26,4899.96,78156.81,9925.75,88082.56
2024-10-18,DC_TX_02,South,Oncor,Industrial Demand,99505.5,5085.32,61201.36,9472.21,70673.58
2024-10-19,DC_TX_02,South,Oncor,Industrial Demand,97385.69,5042.18,99474.08,9087.96,108562.04
2024-10-20,DC_TX_02,South,Oncor,Industrial Demand,103481.22,5562.78,80017.38,9843.86,89861.24
2024-10-21,DC_TX_02,South,Oncor,Industrial Demand,96975.47,5076.52,62875.22,8941.86,71817.08
2024-10-22,DC_TX_02,South,Oncor,Industrial Demand,99659.31,5362.34,82911.53,8473.04,91384.57
2024-10-23,DC_TX_02,South,Oncor,Industrial Demand,100763.07,4793.7,71706.66,7903.39,79610.04
2024-10-24,DC_TX_02,South,Oncor,Industrial Demand,96776.33,5054.6,93901.55,7821.97,101723.52
2024-10-25,DC_TX_02,South,Oncor,Industrial Demand,104988.71,4997.46,78851.15,9750.06,88601.21
2024-10-26,DC_TX_02,South,Oncor,Industrial Demand,105422.42,5021.39,84670.82,9898.18,94569.0
2024-10-27,DC_TX_02,South,Oncor,Industrial Demand,99609.47,4678.82,83792.02,9222.04,93014.07
2024-10-28,DC_TX_02,South,Oncor,Industrial Demand,99946.33,5117.95,90616.58,7971.37,98587.96
2024-10-29,DC_TX_02,South,Oncor,Industrial Demand,98892.52,5266.2,78689.13,7354.68,86043.82
2024-10-30,DC_TX_02,South,Oncor,Industrial Demand,97586.11,4563.38,64529.58,8372.21,72901.79
2024-10-31,DC_TX_02,South,Oncor,Industrial Demand,105669.38,4856.12,71378.94,8343.09,79722.03
2024-11-01,DC_TX_02,South,Oncor,Industrial Demand,97462.62,4568.05,72828.0,7863.49,80691.49
2024-11-02,DC_TX_02,South,Oncor,Industrial Demand,101549.99,5103.68,61649.35,9114.78,70764.13
2024-11-03,DC_TX_02,South,Oncor,Industrial Demand,102312.91,5510.83,96000.5,8793.96,104794.46
2024-11-04,DC_TX_02,South,Oncor,Industrial Demand,100900.01,5275.38,85304.87,9953.39,95258.26
2024-11-05,DC_TX_02,South,Oncor,Industrial Demand,107893.15,5057.99,91859.43,6565.02,98424.44
2024-11-06,DC_TX_02,South,Oncor,Industrial Demand,106317.67,4979.39,60451.94,7790.87,68242.81
2024-11-07,DC_TX_02,South,Oncor,Industrial Demand,101175.53,5289.07,78197.67,8690.78,86888.44
2024-11-08,DC_TX_02,South,Oncor,Industrial Demand,102147.93,4682.93,80413.77,7660.08,88073.85
2024-11-09,DC_TX_02,South,Oncor,Industrial Demand,108556.69,5741.8,110176.43,6641.47,116817.9
2024-11-10,DC_TX_02,South,Oncor,Industrial Demand,106751.56,5587.0,84833.24,8849.68,93682.92
2024-11-11,DC_TX_02,South,Oncor,Industrial Demand,101934.51,4727.8,66060.78,7279.32,73340.11
2024-11-12,DC_TX_02,South,Oncor,Industrial Demand,103992.84,5414.08,67474.34,8703.21,76177.56
2024-11-13,DC_TX_02,South,Oncor,Industrial Demand,109112.48,5858.18,116757.18,10830.45,127587.63
2024-11-14,DC_TX_02,South,Oncor,Industrial Demand,104980.91,5653.89,84386.89,6695.71,91082.6
2024-11-15,DC_TX_02,South,Oncor,Industrial Demand,101823.19,4833.07,82062.12,6826.24,88888.36
2024-11-16,DC_TX_02,South,Oncor,Industrial Demand,107833.86,5462.05,100987.85,7262.41,108250.26
2024-11-17,DC_TX_02,South,Oncor,Industrial Demand,106499.03,5225.7,73573.87,9979.65,83553.53
2024-11-18,DC_TX_02,South,Oncor,Industrial Demand,103630.68,5542.07,87342.51,7723.1,95065.61
2024-11-19,DC_TX_02,South,Oncor,Industrial Demand,109566.3,5667.98,74694.99,6914.75,81609.73
2024-11-20,DC_TX_02,South,Oncor,Industrial Demand,100446.98,5131.94,67095.98,8275.19,75371.17
2024-11-21,DC_TX_02,South,Oncor,Industrial Demand,110689.9,5561.85,89016.52,7980.15,96996.67
2024-11-22,DC_TX_02,South,Oncor,Industrial Demand,107946.46,5016.13,92576.26,7959.45,100535.72
2024-11-23,DC_TX_02,South,Oncor,Industrial Demand,105814.12,5331.78,65853.84,8638.75,74492.59
2024-11-24,DC_TX_02,South,Oncor,Industrial Demand,102887.74,5097.69,63210.56,7249.4,70459.95
2024-11-25,DC_TX_02,South,Oncor,Industrial Demand,110315.86,5958.15,112193.68,10993.76,123187.44
2024-11-26,DC_TX_02,South,Oncor,Industrial Demand,104100.78,5604.64,109914.97,7271.05,117186.03
2024-11-27,DC_TX_02,South,Oncor,Industrial Demand,112364.99,5816.5,96299.85,12254.21,108554.06
2024-11-28,DC_TX_02,South,Oncor,Industrial Demand,104698.6,5179.96,65188.0,9389.17,74577.16
2024-11-29,DC_TX_02,South,Oncor,Industrial Demand,108806.27,5876.61,107781.43,7562.62,115344.06
2024-11-30,DC_TX_02,South,Oncor,Industrial Demand,112099.34,6019.46,97344.7,12107.49,109452.19
2024-12-01,DC_TX_02,South,Oncor,Industrial Demand,113073.9,5896.15,93248.86,7698.48,100947.34
2024-12-02,DC_TX_02,South,Oncor,Industrial Demand,110502.12,5292.44,91732.9,10169.59,101902.49
2024-12-03,DC_TX_02,South,Oncor,Industrial Demand,104706.14,5292.1,84626.81,10322.07,94948.88
2024-12-04,DC_TX_02,South,Oncor,Industrial Demand,103285.2,4741.68,92033.98,8040.9,100074.88
2024-12-05,DC_TX_02,South,Oncor,Industrial Demand,105854.13,5411.23,78859.82,7526.63,86386.45
2024-12-06,DC_TX_02,South,Oncor,Industrial Demand,112825.96,5856.48,90363.2,7307.73,97670.93
2024-12-07,DC_TX_02,South,Oncor,Industrial Demand,104113.46,5189.09,67188.49,9695.22,76883.71
2024-12-08,DC_TX_02,South,Oncor,Industrial Demand,107174.12,5267.46,105065.01,11357.94,116422.95
2024-12-09,DC_TX_02,South,Oncor,Industrial Demand,104721.8,5463.87,82721.12,8229.69,90950.81
2024-12-10,DC_TX_02,South,Oncor,Industrial Demand,112740.95,6030.16,100203.1,12124.89,112327.98
2024-12-11,DC_TX_02,South,Oncor,Industrial Demand,108603.15,5690.4,93963.2,7879.17,101842.37
2024-12-12,DC_TX_02,South,Oncor,Industrial Demand,108849.07,5584.53,75574.01,7839.3,83413.31
2024-12-13,DC_TX_02,South,Oncor,Industrial Demand,115272.47,5381.11,74080.85,9832.5,83913.35
2024-12-14,DC_TX_02,South,Oncor,Industrial Demand,105767.99,4879.45,92388.24,7272.72,99660.96
2024-12-15,DC_TX_02,South,Oncor,Industrial Demand,108699.89,5843.04,90525.64,9683.11,100208.75
2024-12-16,DC_TX_02,South,Oncor,Industrial Demand,112246.34,5627.94,80254.19,10993.27,91247.47
2024-12-17,DC_TX_02,South,Oncor,Industrial Demand,109953.22,5858.76,112139.4,11800.49,123939.89
2024-12-18,DC_TX_02,South,Oncor,Industrial Demand,110931.71,5805.76,92777.96,9297.94,102075.9
2024-12-19,DC_TX_02,South,Oncor,Industrial Demand,108763.14,5520.75,80892.94,7538.02,88430.97
2024-12-20,DC_TX_02,South,Oncor,Industrial Demand,116301.49,5531.18,69427.69,7391.88,76819.57
2024-12-21,DC_TX_02,South,Oncor,Industrial Demand,117517.17,5882.64,108752.46,9456.68,118209.14
2024-12-22,DC_TX_02,South,Oncor,Industrial Demand,116586.51,5666.29,102950.73,11038.52,113989.24
2024-12-23,DC_TX_02,South,Oncor,Industrial Demand,114789.84,5406.21,88190.26,11914.51,100104.77
2024-12-24,DC_TX_02,South,Oncor,Industrial Demand,110821.14,5472.0,71261.56,6857.45,78119.01
2024-12-25,DC_TX_02,South,Oncor,Industrial Demand,116544.44,5341.63,86428.03,9420.09,95848.12
2024-12-26,DC_TX_02,South,Oncor,Industrial Demand,108707.32,5863.92,84637.48,7751.51,92389.0
2024-12-27,DC_TX_02,South,Oncor,Industrial Demand,111784.14,5338.08,95203.39,6715.29,101918.67
2024-12-28,DC_TX_02,South,Oncor,Industrial Demand,119599.48,5705.19,102323.52,11140.97,113464.49
2024-12-29,DC_TX_02,South,Oncor,Industrial Demand,118500.69,5848.63,85403.81,8904.92,94308.73
2024-12-30,DC_TX_02,South,Oncor,Industrial Demand,117196.81,6169.22,92337.97,8096.04,100434.01
2024-12-31,DC_TX_02,South,Oncor,Industrial Demand,119625.43,6287.01,113379.81,13068.23,126448.04
2024-01-01,DC_CA_03,West,PG&E,GS-3 TOU,109534.66,5156.89,78981.73,8657.02,87638.74
2024-01-02,DC_CA_03,West,PG&E,GS-3 TOU,112088.13,5156.68,83232.8,8232.98,91465.78
2024-01-03,DC_CA_03,West,PG&E,GS-3 TOU,107023.09,5465.7,81404.39,8999.93,90404.32
2024-01-04,DC_CA_03,West,PG&E,GS-3 TOU,114729.8,5862.85,96623.99,7629.2,104253.19
2024-01-05,DC_CA_03,West,PG&E,GS-3 TOU,113128.82,5852.99,115768.45,7761.14,123529.59
2024-01-06,DC_CA_03,West,PG&E,GS-3 TOU,109717.14,5174.1,66155.42,7571.56,73726.98
2024-01-07,DC_CA_03,West,PG&E,GS-3 TOU,113878.04,5335.22,100322.17,7545.13,107867.31
2024-01-08,DC_CA_03,West,PG&E,GS-3 TOU,109043.83,5025.88,66026.85,6825.57,72852.42
2024-01-09,DC_CA_03,West,PG&E,GS-3 TOU,107824.91,5539.64,71743.8,7317.68,79061.48
2024-01-10,DC_CA_03,West,PG&E,GS-3 TOU,114192.41,5872.4,96274.89,9337.08,105611.97
2024-01-11,DC_CA_03,West,PG&E,GS-3 TOU,109392.0,5453.65,82338.61,9334.82,91673.43
2024-01-12,DC_CA_03,West,PG&E,GS-3 TOU,116270.97,5344.65,69454.05,11523.45,80977.5
2024-01-13,DC_CA_03,West,PG&E,GS-3 TOU,115299.76,5876.36,75100.55,11779.47,86880.02
2024-01-14,DC_CA_03,West,PG&E,GS-3 TOU,112869.21,5644.48,91860.16,10757.53,102617.68
2024-01-15,DC_CA_03,West,PG&E,GS-3 TOU,112904.08,5578.96,88471.84,8517.68,96989.52
2024-01-16,DC_CA_03,West,PG&E,GS-3 TOU,108385.05,5836.1,114502.65,10374.67,124877.33
2024-01-17,DC_CA_03,West,PG&E,GS-3 TOU,109835.48,5838.98,101698.85,11031.82,112730.67
2024-01-18,DC_CA_03,West,PG&E,GS-3 TOU,114572.64,5553.48,88922.99,11551.28,100474.27
2024-01-19,DC_CA_03,West,PG&E,GS-3 TOU,108527.74,5257.14,98862.86,11586.95,110449.8
2024-01-20,DC_CA_03,West,PG&E,GS-3 TOU,119104.21,6082.25,80909.24,8620.23,89529.46
2024-01-21,DC_CA_03,West,PG&E,GS-3 TOU,110297.45,5073.49,68651.6,8772.41,77424.01
2024-01-22,DC_CA_03,West,PG&E,GS-3 TOU,113087.29,6064.3,115366.51,9219.67,124586.17
2024-01-23,DC_CA_03,West,PG&E,GS-3 TOU,115533.38,5533.21,70113.31,8987.66,79100.97
2024-01-24,DC_CA_03,West,PG&E,GS-3 TOU,112650.18,5799.18,79119.38,7165.18,86284.56
2024-01-25,DC_CA_03,West,PG&E,GS-3 TOU,113426.78,6126.98,109476.29,11256.82,120733.11
2024-01-26,DC_CA_03,West,PG&E,GS-3 TOU,110601.76,5789.08,97307.56,10978.71,108286.27
2024-01-27,DC_CA_03,West,PG&E,GS-3 TOU,120894.54,5868.68,113370.24,12943.41,126313.64
2024-01-28,DC_CA_03,West,PG&E,GS-3 TOU,109828.49,5445.77,69841.83,11955.4,81797.24
2024-01-29,DC_CA_03,West,PG&E,GS-3 TOU,116246.84,6276.32,84846.56,10203.54,95050.1
2024-01-30,DC_CA_03,West,PG&E,GS-3 TOU,116869.85,5555.64,69958.53,10049.08,80007.61
2024-01-31,DC_CA_03,West,PG&E,GS-3 TOU,117364.02,5884.62,100306.93,11385.26,111692.19
2024-02-01,DC_CA_03,West,PG&E,GS-3 TOU,116936.41,6031.75,101109.56,7857.79,108967.35
2024-02-02,DC_CA_03,West,PG&E,GS-3 TOU,112755.42,6037.6,93238.71,7150.58,100389.28
2024-02-03,DC_CA_03,West,PG&E,GS-3 TOU,119081.79,5912.43,97123.72,7693.25,104816.97
2024-02-04,DC_CA_03,West,PG&E,GS-3 TOU,118667.64,6134.91,101282.97,9334.75,110617.73
2024-02-05,DC_CA_03,West,PG&E,GS-3 TOU,116646.05,5999.55,97229.0,10402.24,107631.25
2024-02-06,DC_CA_03,West,PG&E,GS-3 TOU,114494.61,5249.6,67911.54,7866.25,75777.79
2024-02-07,DC_CA_03,West,PG&E,GS-3 TOU,117047.26,5961.86,116330.52,8269.89,124600.4
2024-02-08,DC_CA_03,West,PG&E,GS-3 TOU,112040.6,5856.27,87776.34,10224.85,98001.19
2024-02-09,DC_CA_03,West,PG&E,GS-3 TOU,112754.02,5757.49,112214.26,8939.22,121153.48
2024-02-10,DC_CA_03,West,PG&E,GS-3 TOU,118762.07,6373.22,113480.32,8434.98,121915.29
2024-02-11,DC_CA_03,West,PG&E,GS-3 TOU,119856.97,6231.97,107937.47,8477.89,116415.37
2024-02-12,DC_CA_03,West,PG&E,GS-3 TOU,118645.14,6172.34,118017.96,9058.82,127076.78
2024-02-13,DC_CA_03,West,PG&E,GS-3 TOU,113925.48,5987.91,111004.04,11741.84,122745.88
2024-02-14,DC_CA_03,West,PG&E,GS-3 TOU,119214.51,5899.51,81610.19,13091.32,94701.5
2024-02-15,DC_CA_03,West,PG&E,GS-3 TOU,119816.07,6161.22,83990.93,11387.72,95378.66
2024-02-16,DC_CA_03,West,PG&E,GS-3 TOU,121288.32,6386.2,123203.73,7580.63,130784.36
2024-02-17,DC_CA_03,West,PG&E,GS-3 TOU,114009.52,5563.64,70197.31,6930.71,77128.02
2024-02-18,DC_CA_03,West,PG&E,GS-3 TOU,124752.6,6086.74,83526.88,10134.72,93661.6
2024-02-19,DC_CA_03,West,PG&E,GS-3 TOU,121175.94,6154.53,90251.73,9525.64,99777.38
2024-02-20,DC_CA_03,West,PG&E,GS-3 TOU,124820.25,6119.61,87305.01,10569.16,97874.18
2024-02-21,DC_CA_03,West,PG&E,GS-3 TOU,123825.31,6085.44,85359.66,10609.42,95969.08
2024-02-22,DC_CA_03,West,PG&E,GS-3 TOU,126429.82,6101.81,94089.77,12458.03,106547.8
2024-02-23,DC_CA_03,West,PG&E,GS-3 TOU,117179.47,6151.65,116398.68,8985.36,125384.05
2024-02-24,DC_CA_03,West,PG&E,GS-3 TOU,125919.22,6673.53,122118.91,7775.56,129894.47
2024-02-25,DC_CA_03,West,PG&E,GS-3 TOU,119995.45,6373.48,118987.44,11027.31,130014.75
2024-02-26,DC_CA_03,West,PG&E,GS-3 TOU,121229.38,6096.85,111401.09,8148.96,119550.06
2024-02-27,DC_CA_03,West,PG&E,GS-3 TOU,120422.43,6021.2,101100.57,11952.51,113053.09
2024-02-28,DC_CA_03,West,PG&E,GS-3 TOU,117929.59,5985.16,94303.33,9479.37,103782.7
2024-02-29,DC_CA_03,West,PG&E,GS-3 TOU,115980.97,5518.79,97702.89,8588.61,106291.5
2024-03-01,DC_CA_03,West,PG&E,GS-3 TOU,115925.2,5708.14,73606.66,12311.41,85918.07
2024-03-02,DC_CA_03,West,PG&E,GS-3 TOU,122233.33,6403.52,115098.26,13094.44,128192.7
2024-03-03,DC_CA_03,West,PG&E,GS-3 TOU,124878.85,6583.7,121447.99,10278.79,131726.78
2024-03-04,DC_CA_03,West,PG&E,GS-3 TOU,116312.86,6227.16,102293.8,9556.88,111850.68
2024-03-05,DC_CA_03,West,PG&E,GS-3 TOU,119475.15,6215.23,117971.77,7626.31,125598.08
2024-03-06,DC_CA_03,West,PG&E,GS-3 TOU,126642.98,6032.49,110339.46,12723.34,123062.8
2024-03-07,DC_CA_03,West,PG&E,GS-3 TOU,124382.1,6088.01,84344.88,9151.41,93496.28
2024-03-08,DC_CA_03,West,PG&E,GS-3 TOU,120666.24,6439.11,119966.88,7708.41,127675.29
2024-03-09,DC_CA_03,West,PG&E,GS-3 TOU,121169.79,6080.3,115981.79,12083.57,128065.36
2024-03-10,DC_CA_03,West,PG&E,GS-3 TOU,121247.63,6023.83,72924.51,9787.81,82712.32
2024-03-11,DC_CA_03,West,PG&E,GS-3 TOU,120770.89,5997.47,106607.66,9728.66,116336.32
2024-03-12,DC_CA_03,West,PG&E,GS-3 TOU,121989.27,6088.66,109139.36,9939.74,119079.1
2024-03-13,DC_CA_03,West,PG&E,GS-3 TOU,128015.98,6434.82,92495.97,12733.96,105229.92
2024-03-14,DC_CA_03,West,PG&E,GS-3 TOU,124161.7,6047.95,108012.18,10021.1,118033.27
2024-03-15,DC_CA_03,West,PG&E,GS-3 TOU,128488.73,6019.16,100262.0,11786.52,112048.53
2024-03-16,DC_CA_03,West,PG&E,GS-3 TOU,119149.88,5671.43,75631.06,9001.79,84632.85
2024-03-17,DC_CA_03,West,PG&E,GS-3 TOU,120808.03,5806.44,104487.56,9276.09,113763.64
2024-03-18,DC_CA_03,West,PG&E,GS-3 TOU,124983.14,6755.6,121809.61,10090.74,131900.35
2024-03-19,DC_CA_03,West,PG&E,GS-3 TOU,128806.3,6632.43,119574.43,10380.92,129955.34
2024-03-20,DC_CA_03,West,PG&E,GS-3 TOU,120608.65,5857.11,97247.21,10533.27,107780.48
2024-03-21,DC_CA_03,West,PG&E,GS-3 TOU,118443.52,6361.52,101565.62,11232.16,112797.78
2024-03-22,DC_CA_03,West,PG&E,GS-3 TOU,129871.42,6427.66,103474.2,14158.81,117633.01
2024-03-23,DC_CA_03,West,PG&E,GS-3 TOU,119764.15,6252.49,113694.58,11251.23,124945.81
2024-03-24,DC_CA_03,West,PG&E,GS-3 TOU,130282.19,6814.29,128507.09,11799.25,140306.33
2024-03-25,DC_CA_03,West,PG&E,GS-3 TOU,126898.27,6247.75,86064.04,13233.08,99297.11
2024-03-26,DC_CA_03,West,PG&E,GS-3 TOU,127495.48,6780.17,119183.22,12311.71,131494.93
2024-03-27,DC_CA_03,West,PG&E,GS-3 TOU,128047.49,6365.09,86740.16,13279.62,100019.78
2024-03-28,DC_CA_03,West,PG&E,GS-3 TOU,120308.37,5800.38,93296.11,10416.16,103712.28
2024-03-29,DC_CA_03,West,PG&E,GS-3 TOU,129042.43,6349.5,76873.01,10867.59,87740.61
2024-03-30,DC_CA_03,West,PG&E,GS-3 TOU,123970.48,6351.19,90485.72,7534.36,98020.08
2024-03-31,DC_CA_03,West,PG&E,GS-3 TOU,121506.77,5611.57,75496.91,10202.07,85698.98
2024-04-01,DC_CA_03,West,PG&E,GS-3 TOU,128264.99,6785.14,134709.87,11194.87,145904.74
2024-04-02,DC_CA_03,West,PG&E,GS-3 TOU,124656.37,6246.71,86531.79,13645.0,100176.78
2024-04-03,DC_CA_03,West,PG&E,GS-3 TOU,130875.44,6045.18,75927.6,10773.58,86701.18
2024-04-04,DC_CA_03,West,PG&E,GS-3 TOU,128252.06,6528.47,97899.86,12226.49,110126.35
2024-04-05,DC_CA_03,West,PG&E,GS-3 TOU,123786.48,5720.3,111169.99,9593.11,120763.11
2024-04-06,DC_CA_03,West,PG&E,GS-3 TOU,123950.33,6539.79,98004.87,12657.35,110662.22
2024-04-07,DC_CA_03,West,PG&E,GS-3 TOU,127160.89,5929.27,73459.28,8288.85,81748.13
2024-04-08,DC_CA_03,West,PG&E,GS-3 TOU,126556.81,6249.87,101051.59,11061.27,112112.86
2024-04-09,DC_CA_03,West,PG&E,GS-3 TOU,123690.72,6367.47,77154.77,12112.43,89267.2
2024-04-10,DC_CA_03,West,PG&E,GS-3 TOU,121923.32,6312.82,109210.97,9672.3,118883.27
2024-04-11,DC_CA_03,West,PG&E,GS-3 TOU,123703.07,6072.54,85415.39,8403.64,93819.03
2024-04-12,DC_CA_03,West,PG&E,GS-3 TOU,126971.97,6277.88,118153.94,12534.06,130687.99
2024-04-13,DC_CA_03,West,PG&E,GS-3 TOU,126189.37,6581.06,100820.28,9507.77,110328.04
2024-04-14,DC_CA_03,West,PG&E,GS-3 TOU,128355.41,6296.06,84889.66,11478.21,96367.87
2024-04-15,DC_CA_03,West,PG&E,GS-3 TOU,126947.07,6729.8,119755.08,13130.39,132885.46
2024-04-16,DC_CA_03,West,PG&E,GS-3 TOU,128790.67,6501.7,84972.1,11492.43,96464.53
2024-04-17,DC_CA_03,West,PG&E,GS-3 TOU,125000.95,6198.77,95762.94,13490.71,109253.66
2024-04-18,DC_CA_03,West,PG&E,GS-3 TOU,126328.81,6351.45,114236.23,11601.8,125838.03
2024-04-19,DC_CA_03,West,PG&E,GS-3 TOU,122250.67,6141.8,96456.41,12383.49,108839.9
2024-04-20,DC_CA_03,West,PG&E,GS-3 TOU,122917.52,6304.35,78836.63,12437.82,91274.45
2024-04-21,DC_CA_03,West,PG&E,GS-3 TOU,129173.46,6804.91,135189.37,10731.23,145920.6
2024-04-22,DC_CA_03,West,PG&E,GS-3 TOU,129286.55,6759.17,89253.9,12591.47,101845.37
2024-04-23,DC_CA_03,West,PG&E,GS-3 TOU,122115.09,6069.11,92990.47,8938.85,101929.32
2024-04-24,DC_CA_03,West,PG&E,GS-3 TOU,130531.98,6879.39,129779.46,11943.94,141723.39
2024-04-25,DC_CA_03,West,PG&E,GS-3 TOU,129195.0,6383.29,102857.89,9050.53,111908.42
2024-04-26,DC_CA_03,West,PG&E,GS-3 TOU,128573.04,6360.53,81126.13,12000.83,93126.96
2024-04-27,DC_CA_03,West,PG&E,GS-3 TOU,128693.0,6770.02,133627.34,12269.83,145897.17
2024-04-28,DC_CA_03,West,PG&E,GS-3 TOU,129649.24,6917.97,127365.22,13830.79,141196.02
2024-04-29,DC_CA_03,West,PG&E,GS-3 TOU,127701.85,5859.09,97080.96,10636.45,107717.41
2024-04-30,DC_CA_03,West,PG&E,GS-3 TOU,123019.03,5964.48,114122.48,13293.19,127415.67
2024-05-01,DC_CA_03,West,PG&E,GS-3 TOU,129818.35,6389.24,80771.35,7878.02,88649.36
2024-05-02,DC_CA_03,West,PG&E,GS-3 TOU,123040.59,5655.5,109336.84,7487.94,116824.78
2024-05-03,DC_CA_03,West,PG&E,GS-3 TOU,127933.98,6193.02,99664.86,8524.53,108189.39
2024-05-04,DC_CA_03,West,PG&E,GS-3 TOU,119102.95,6390.28,97251.69,9616.46,106868.15
2024-05-05,DC_CA_03,West,PG&E,GS-3 TOU,123878.97,5749.36,102706.65,11386.47,114093.13
2024-05-06,DC_CA_03,West,PG&E,GS-3 TOU,127399.6,5986.12,99105.46,11331.18,110436.64
2024-05-07,DC_CA_03,West,PG&E,GS-3 TOU,129747.2,6356.67,107734.22,10194.8,117929.01
2024-05-08,DC_CA_03,West,PG&E,GS-3 TOU,126740.99,6304.61,100578.57,10412.15,110990.72
2024-05-09,DC_CA_03,West,PG&E,GS-3 TOU,129526.8,6434.42,103156.88,13858.93,117015.8
2024-05-10,DC_CA_03,West,PG&E,GS-3 TOU,130559.76,6890.11,130285.97,10199.53,140485.5
2024-05-11,DC_CA_03,West,PG&E,GS-3 TOU,120008.76,6425.52,79902.11,10990.66,90892.77
2024-05-12,DC_CA_03,West,PG&E,GS-3 TOU,126606.99,6830.71,112279.78,8038.28,120318.07
2024-05-13,DC_CA_03,West,PG&E,GS-3 TOU,127823.0,6721.64,91638.29,10314.21,101952.5
2024-05-14,DC_CA_03,West,PG&E,GS-3 TOU,118950.23,6026.54,118059.65,9830.71,127890.36
2024-05-15,DC_CA_03,West,PG&E,GS-3 TOU,119101.71,6139.09,82088.72,7294.78,89383.49
2024-05-16,DC_CA_03,West,PG&E,GS-3 TOU,123915.3,6149.17,118566.38,11683.36,130249.74
2024-05-17,DC_CA_03,West,PG&E,GS-3 TOU,126138.04,6783.64,113123.9,13128.55,126252.44
2024-05-18,DC_CA_03,West,PG&E,GS-3 TOU,128470.73,6576.18,117874.83,8212.86,126087.69
2024-05-19,DC_CA_03,West,PG&E,GS-3 TOU,119198.64,6053.39,75862.38,11339.61,87201.98
2024-05-20,DC_CA_03,West,PG&E,GS-3 TOU,120796.95,6458.28,90224.04,10970.26,101194.3
2024-05-21,DC_CA_03,West,PG&E,GS-3 TOU,126409.4,6422.42,127224.81,10754.76,137979.57
2024-05-22,DC_CA_03,West,PG&E,GS-3 TOU,126220.92,6180.03,117894.37,12622.56,130516.93
2024-05-23,DC_CA_03,West,PG&E,GS-3 TOU,119206.13,5662.84,99267.86,8441.15,107709.01
2024-05-24,DC_CA_03,West,PG&E,GS-3 TOU,125021.1,6375.03,116071.95,13382.09,129454.04
2024-05-25,DC_CA_03,West,PG&E,GS-3 TOU,119041.87,5800.82,87985.02,9734.02,97719.04
2024-05-26,DC_CA_03,West,PG&E,GS-3 TOU,125627.63,6691.65,109843.6,9460.08,119303.69
2024-05-27,DC_CA_03,West,PG&E,GS-3 TOU,126999.96,6261.33,98926.54,8687.55,107614.09
2024-05-28,DC_CA_03,West,PG&E,GS-3 TOU,117832.65,6326.03,98101.82,7510.78,105612.6
2024-05-29,DC_CA_03,West,PG&E,GS-3 TOU,123573.33,6678.42,86254.84,8440.19,94695.03
2024-05-30,DC_CA_03,West,PG&E,GS-3 TOU,117043.45,5516.23,94022.19,8235.6,102257.8
2024-05-31,DC_CA_03,West,PG&E,GS-3 TOU,119527.63,5498.79,82068.15,12111.84,94179.99
2024-06-01,DC_CA_03,West,PG&E,GS-3 TOU,121058.89,5853.68,78210.58,13167.41,91377.99
2024-06-02,DC_CA_03,West,PG&E,GS-3 TOU,127624.08,6675.59,132803.15,8145.48,140948.63
2024-06-03,DC_CA_03,West,PG&E,GS-3 TOU,119811.02,5589.77,98678.4,12156.71,110835.11
2024-06-04,DC_CA_03,West,PG&E,GS-3 TOU,123926.61,5841.05,106566.81,10400.52,116967.33
2024-06-05,DC_CA_03,West,PG&E,GS-3 TOU,119962.51,5809.87,77817.15,7216.59,85033.74
2024-06-06,DC_CA_03,West,PG&E,GS-3 TOU,126827.42,6279.8,95237.38,13851.04,109088.42
2024-06-07,DC_CA_03,West,PG&E,GS-3 TOU,124737.61,6010.19,81292.67,9753.29,91045.96
2024-06-08,DC_CA_03,West,PG&E,GS-3 TOU,120114.34,6053.0,104799.29,13163.17,117962.46
2024-06-09,DC_CA_03,West,PG&E,GS-3 TOU,118183.65,5461.03,90109.43,7837.68,97947.11
2024-06-10,DC_CA_03,West,PG&E,GS-3 TOU,124942.67,6705.69,108512.07,7595.41,116107.48
2024-06-11,DC_CA_03,West,PG&E,GS-3 TOU,121226.66,6218.98,108809.28,10665.39,119474.68
2024-06-12,DC_CA_03,West,PG&E,GS-3 TOU,123364.97,5774.52,74987.12,12334.76,87321.88
2024-06-13,DC_CA_03,West,PG&E,GS-3 TOU,123716.47,6099.37,117268.87,10601.58,127870.45
2024-06-14,DC_CA_03,West,PG&E,GS-3 TOU,125894.14,6628.18,118577.52,10764.88,129342.41
2024-06-15,DC_CA_03,West,PG&E,GS-3 TOU,121186.65,6432.59,127120.15,9711.75,136831.91
2024-06-16,DC_CA_03,West,PG&E,GS-3 TOU,126116.43,6559.74,85625.77,9328.93,94954.7
2024-06-17,DC_CA_03,West,PG&E,GS-3 TOU,125031.55,5902.85,94009.44,12842.37,106851.81
2024-06-18,DC_CA_03,West,PG&E,GS-3 TOU,119479.07,6375.39,105913.86,10776.12,116689.98
2024-06-19,DC_CA_03,West,PG&E,GS-3 TOU,121170.53,5928.44,83130.87,12030.07,95160.94
2024-06-20,DC_CA_03,West,PG&E,GS-3 TOU,125599.02,6692.32,119362.26,9655.3,129017.56
2024-06-21,DC_CA_03,West,PG&E,GS-3 TOU,121053.13,5888.88,71855.53,13246.37,85101.9
2024-06-22,DC_CA_03,West,PG&E,GS-3 TOU,117058.38,5872.5,98138.1,10078.45,108216.55
2024-06-23,DC_CA_03,West,PG&E,GS-3 TOU,122897.84,6271.35,77941.09,11062.54,89003.62
2024-06-24,DC_CA_03,West,PG&E,GS-3 TOU,118255.17,5648.71,92834.86,8664.38,101499.24
2024-06-25,DC_CA_03,West,PG&E,GS-3 TOU,115992.24,5600.44,109701.61,8334.53,118036.14
2024-06-26,DC_CA_03,West,PG&E,GS-3 TOU,124748.39,6351.71,116150.58,13251.54,129402.12
2024-06-27,DC_CA_03,West,PG&E,GS-3 TOU,120361.63,5523.03,97315.26,11870.76,109186.02
2024-06-28,DC_CA_03,West,PG&E,GS-3 TOU,120512.61,6287.17,110859.52,10321.44,121180.96
2024-06-29,DC_CA_03,West,PG&E,GS-3 TOU,124168.09,6079.9,96095.81,11846.39,107942.2
2024-06-30,DC_CA_03,West,PG&E,GS-3 TOU,120912.77,6310.53,108369.52,7529.56,115899.07
2024-07-01,DC_CA_03,West,PG&E,GS-3 TOU,115446.89,5935.93,107965.11,9630.18,117595.29
2024-07-02,DC_CA_03,West,PG&E,GS-3 TOU,114075.83,5823.88,109627.84,8432.89,118060.72
2024-07-03,DC_CA_03,West,PG&E,GS-3 TOU,123461.41,6683.79,120507.84,12321.49,132829.33
2024-07-04,DC_CA_03,West,PG&E,GS-3 TOU,114875.59,5586.79,101607.22,9567.31,111174.53
2024-07-05,DC_CA_03,West,PG&E,GS-3 TOU,122989.53,5830.87,102419.24,13051.45,115470.69
2024-07-06,DC_CA_03,West,PG&E,GS-3 TOU,119245.47,5664.0,93726.32,7485.78,101212.1
2024-07-07,DC_CA_03,West,PG&E,GS-3 TOU,119573.71,5690.49,107276.9,10501.3,117778.2
2024-07-08,DC_CA_03,West,PG&E,GS-3 TOU,121580.89,6512.03,94713.54,9519.09,104232.63
2024-07-09,DC_CA_03,West,PG&E,GS-3 TOU,120420.14,5951.88,84888.12,7752.34,92640.46
2024-07-10,DC_CA_03,West,PG&E,GS-3 TOU,116385.06,5618.02,80619.75,8916.29,89536.04
2024-07-11,DC_CA_03,West,PG&E,GS-3 TOU,111818.34,5718.66,98515.82,10048.51,108564.34
2024-07-12,DC_CA_03,West,PG&E,GS-3 TOU,113441.9,5478.92,92029.48,10321.03,102350.52
2024-07-13,DC_CA_03,West,PG&E,GS-3 TOU,116969.33,5702.66,83932.64,12357.41,96290.04
2024-07-14,DC_CA_03,West,PG&E,GS-3 TOU,116229.9,5984.01,88414.31,10129.56,98543.87
2024-07-15,DC_CA_03,West,PG&E,GS-3 TOU,115850.98,6076.85,79837.88,8562.14,88400.02
2024-07-16,DC_CA_03,West,PG&E,GS-3 TOU,114279.58,6046.85,120535.32,7365.26,127900.58
2024-07-17,DC_CA_03,West,PG&E,GS-3 TOU,116787.08,6311.22,98597.07,12490.36,111087.43
2024-07-18,DC_CA_03,West,PG&E,GS-3 TOU,112663.27,5318.54,94037.38,8111.7,102149.07
2024-07-19,DC_CA_03,West,PG&E,GS-3 TOU,113387.96,5519.56,106559.87,9347.58,115907.46
2024-07-20,DC_CA_03,West,PG&E,GS-3 TOU,112280.35,5150.89,99093.41,7074.2,106167.62
2024-07-21,DC_CA_03,West,PG&E,GS-3 TOU,117445.37,5650.14,81102.87,8087.24,89190.12
2024-07-22,DC_CA_03,West,PG&E,GS-3 TOU,111144.64,5966.18,93663.86,11026.69,104690.56
2024-07-23,DC_CA_03,West,PG&E,GS-3 TOU,119671.83,5733.73,108075.51,11471.27,119546.78
2024-07-24,DC_CA_03,West,PG&E,GS-3 TOU,113668.03,5927.28,85298.65,8497.1,93795.74
2024-07-25,DC_CA_03,West,PG&E,GS-3 TOU,110656.7,5477.56,106931.65,10676.78,117608.43
2024-07-26,DC_CA_03,West,PG&E,GS-3 TOU,116241.12,6163.82,82513.44,11754.85,94268.29
2024-07-27,DC_CA_03,West,PG&E,GS-3 TOU,114749.58,5371.16,105270.49,10798.81,116069.3
2024-07-28,DC_CA_03,West,PG&E,GS-3 TOU,110614.07,5746.29,95784.04,10133.57,105917.61
2024-07-29,DC_CA_03,West,PG&E,GS-3 TOU,113388.23,5532.53,76034.98,7059.83,83094.81
2024-07-30,DC_CA_03,West,PG&E,GS-3 TOU,108965.84,5522.22,104834.73,7114.67,111949.4
2024-07-31,DC_CA_03,West,PG&E,GS-3 TOU,114654.2,5923.5,97646.82,9234.58,106881.4
2024-08-01,DC_CA_03,West,PG&E,GS-3 TOU,119320.56,5551.12,101251.99,8674.23,109926.23
2024-08-02,DC_CA_03,West,PG&E,GS-3 TOU,109557.54,5090.46,64839.0,8553.93,73392.93
2024-08-03,DC_CA_03,West,PG&E,GS-3 TOU,114984.04,5486.92,100235.04,12048.59,112283.63
2024-08-04,DC_CA_03,West,PG&E,GS-3 TOU,116166.88,5921.55,81625.62,11985.32,93610.94
2024-08-05,DC_CA_03,West,PG&E,GS-3 TOU,118017.56,6185.59,102000.62,11495.86,113496.48
2024-08-06,DC_CA_03,West,PG&E,GS-3 TOU,110770.66,5467.96,67005.64,11041.46,78047.09
2024-08-07,DC_CA_03,West,PG&E,GS-3 TOU,116741.14,5584.19,72179.02,7846.81,80025.83
2024-08-08,DC_CA_03,West,PG&E,GS-3 TOU,108062.68,5424.37,108028.87,7663.05,115691.92
2024-08-09,DC_CA_03,West,PG&E,GS-3 TOU,114156.42,5363.34,102879.31,10780.72,113660.03
2024-08-10,DC_CA_03,West,PG&E,GS-3 TOU,115978.69,5389.57,98906.31,12153.9,111060.21
2024-08-11,DC_CA_03,West,PG&E,GS-3 TOU,109231.13,5053.57,66951.08,9597.65,76548.74
2024-08-12,DC_CA_03,West,PG&E,GS-3 TOU,116770.71,5700.68,94206.66,12336.2,106542.85
2024-08-13,DC_CA_03,West,PG&E,GS-3 TOU,109304.79,5136.96,92953.64,9708.85,102662.49
2024-08-14,DC_CA_03,West,PG&E,GS-3 TOU,115961.16,5581.36,67724.54,8141.9,75866.44
2024-08-15,DC_CA_03,West,PG&E,GS-3 TOU,114707.03,5330.6,89625.75,9295.63,98921.39
2024-08-16,DC_CA_03,West,PG&E,GS-3 TOU,117513.07,5691.36,98080.73,8518.36,106599.09
2024-08-17,DC_CA_03,West,PG&E,GS-3 TOU,113839.36,5532.7,103787.31,12113.09,115900.39
2024-08-18,DC_CA_03,West,PG&E,GS-3 TOU,109304.18,5227.6,95082.65,9358.08,104440.73
2024-08-19,DC_CA_03,West,PG&E,GS-3 TOU,107196.95,5532.56,76636.07,9906.26,86542.34
2024-08-20,DC_CA_03,West,PG&E,GS-3 TOU,114267.55,6132.53,89272.61,7123.36,96395.97
2024-08-21,DC_CA_03,West,PG&E,GS-3 TOU,111455.46,5943.6,92440.41,12049.79,104490.2
2024-08-22,DC_CA_03,West,PG&E,GS-3 TOU,114870.11,5773.81,82131.31,9980.97,92112.28
2024-08-23,DC_CA_03,West,PG&E,GS-3 TOU,108820.28,5248.77,64209.47,9556.21,73765.67
2024-08-24,DC_CA_03,West,PG&E,GS-3 TOU,116472.57,5490.02,88642.94,8270.07,96913.01
2024-08-25,DC_CA_03,West,PG&E,GS-3 TOU,114192.38,5324.91,105163.83,8665.46,113829.28
2024-08-26,DC_CA_03,West,PG&E,GS-3 TOU,109116.44,5285.83,65553.33,11110.77,76664.1
2024-08-27,DC_CA_03,West,PG&E,GS-3 TOU,111310.78,5453.87,77911.83,8440.62,86352.45
2024-08-28,DC_CA_03,West,PG&E,GS-3 TOU,107080.27,5188.78,94683.28,6655.32,101338.6
2024-08-29,DC_CA_03,West,PG&E,GS-3 TOU,110445.82,5470.66,94447.9,11561.44,106009.34
2024-08-30,DC_CA_03,West,PG&E,GS-3 TOU,106037.24,5693.47,73223.23,7619.54,80842.78
2024-08-31,DC_CA_03,West,PG&E,GS-3 TOU,114457.49,5723.33,80103.87,9349.86,89453.73
2024-09-01,DC_CA_03,West,PG&E,GS-3 TOU,111945.84,5386.82,73915.98,11763.17,85679.15
2024-09-02,DC_CA_03,West,PG&E,GS-3 TOU,115648.75,5839.69,103378.65,11729.61,115108.26
2024-09-03,DC_CA_03,West,PG&E,GS-3 TOU,113512.37,5509.46,75408.48,8138.25,83546.73
2024-09-04,DC_CA_03,West,PG&E,GS-3 TOU,115255.16,6070.51,79276.29,9454.23,88730.52
2024-09-05,DC_CA_03,West,PG&E,GS-3 TOU,109931.29,5605.89,102260.0,9093.53,111353.53
2024-09-06,DC_CA_03,West,PG&E,GS-3 TOU,116738.98,5536.47,85526.75,9687.3,95214.05
2024-09-07,DC_CA_03,West,PG&E,GS-3 TOU,108998.94,5175.72,98840.49,6897.96,105738.44
2024-09-08,DC_CA_03,West,PG&E,GS-3 TOU,110252.19,5509.76,100334.47,11669.88,112004.34
2024-09-09,DC_CA_03,West,PG&E,GS-3 TOU,107011.15,5408.9,99403.01,8786.96,108189.97
2024-09-10,DC_CA_03,West,PG&E,GS-3 TOU,113585.21,5859.49,108047.26,8749.16,116796.41
2024-09-11,DC_CA_03,West,PG&E,GS-3 TOU,106102.91,5004.19,63125.14,8146.7,71271.84
2024-09-12,DC_CA_03,West,PG&E,GS-3 TOU,108115.56,5703.23,82336.53,11612.97,93949.5
2024-09-13,DC_CA_03,West,PG&E,GS-3 TOU,108431.11,5222.67,64173.23,8011.54,72184.76
2024-09-14,DC_CA_03,West,PG&E,GS-3 TOU,115777.24,5512.63,66578.82,9377.98,75956.8
2024-09-15,DC_CA_03,West,PG&E,GS-3 TOU,115005.59,5971.82,109003.1,12344.45,121347.55
2024-09-16,DC_CA_03,West,PG&E,GS-3 TOU,108960.54,5219.09,77831.85,10338.81,88170.66
2024-09-17,DC_CA_03,West,PG&E,GS-3 TOU,111765.38,5128.41,83505.58,7051.76,90557.33
2024-09-18,DC_CA_03,West,PG&E,GS-3 TOU,111768.59,5822.63,93776.23,7443.59,101219.82
2024-09-19,DC_CA_03,West,PG&E,GS-3 TOU,107650.33,5017.58,66767.37,8668.52,75435.89
2024-09-20,DC_CA_03,West,PG&E,GS-3 TOU,107965.39,5234.12,66477.16,7878.17,74355.33
2024-09-21,DC_CA_03,West,PG&E,GS-3 TOU,106515.75,5053.51,85968.51,6660.21,92628.72
2024-09-22,DC_CA_03,West,PG&E,GS-3 TOU,108727.01,5236.79,90608.84,8328.48,98937.32
2024-09-23,DC_CA_03,West,PG&E,GS-3 TOU,115230.4,6010.31,95414.43,11105.5,106519.93
2024-09-24,DC_CA_03,West,PG&E,GS-3 TOU,113292.35,5714.43,78108.88,8022.52,86131.39
2024-09-25,DC_CA_03,West,PG&E,GS-3 TOU,108904.79,5818.06,103975.95,9515.09,113491.04
2024-09-26,DC_CA_03,West,PG&E,GS-3 TOU,109495.44,5390.57,72073.81,7257.17,79330.98
2024-09-27,DC_CA_03,West,PG&E,GS-3 TOU,114880.33,5825.24,107317.2,8831.61,116148.82
2024-09-28,DC_CA_03,West,PG&E,GS-3 TOU,108458.9,5853.19,86033.11,8377.46,94410.57
2024-09-29,DC_CA_03,West,PG&E,GS-3 TOU,109230.16,5117.53,87944.01,7160.79,95104.8
2024-09-30,DC_CA_03,West,PG&E,GS-3 TOU,115549.88,6057.24,99124.67,7748.24,106872.91
2024-10-01,DC_CA_03,West,PG&E,GS-3 TOU,107029.21,4945.9,80525.35,9934.38,90459.73
2024-10-02,DC_CA_03,West,PG&E,GS-3 TOU,106819.71,4927.01,60307.38,11695.46,72002.84
2024-10-03,DC_CA_03,West,PG&E,GS-3 TOU,110919.66,5550.25,74109.71,7305.61,81415.33
2024-10-04,DC_CA_03,West,PG&E,GS-3 TOU,109947.28,5737.12,98123.17,9384.45,107507.62
2024-10-05,DC_CA_03,West,PG&E,GS-3 TOU,117085.43,6115.77,95231.89,9568.0,104799.89
2024-10-06,DC_CA_03,West,PG&E,GS-3 TOU,113064.86,5809.05,99676.87,9614.53,109291.4
2024-10-07,DC_CA_03,West,PG&E,GS-3 TOU,106484.07,5261.75,68578.51,7874.17,76452.68
2024-10-08,DC_CA_03,West,PG&E,GS-3 TOU,107408.37,5462.78,76635.59,9256.46,85892.05
2024-10-09,DC_CA_03,West,PG&E,GS-3 TOU,111644.87,5575.02,95983.64,7787.28,103770.92
2024-10-10,DC_CA_03,West,PG&E,GS-3 TOU,115202.79,6039.95,97201.6,10382.48,107584.07
2024-10-11,DC_CA_03,West,PG&E,GS-3 TOU,107220.4,5171.45,101932.24,6933.25,108865.5
2024-10-12,DC_CA_03,West,PG&E,GS-3 TOU,108139.84,5093.18,99579.01,11298.32,110877.34
2024-10-13,DC_CA_03,West,PG&E,GS-3 TOU,115317.39,5290.57,79489.86,6926.81,86416.66
2024-10-14,DC_CA_03,West,PG&E,GS-3 TOU,108421.37,4985.92,97447.38,9021.02,106468.4
2024-10-15,DC_CA_03,West,PG&E,GS-3 TOU,110551.1,5676.01,79513.15,10238.33,89751.48
2024-10-16,DC_CA_03,West,PG&E,GS-3 TOU,114334.75,5442.65,95850.91,7557.57,103408.48
2024-10-17,DC_CA_03,West,PG&E,GS-3 TOU,108392.11,5868.45,98314.9,7497.77,105812.66
2024-10-18,DC_CA_03,West,PG&E,GS-3 TOU,111864.15,5244.92,89068.56,6867.59,95936.15
2024-10-19,DC_CA_03,West,PG&E,GS-3 TOU,116447.61,6154.27,112128.64,9797.4,121926.03
2024-10-20,DC_CA_03,West,PG&E,GS-3 TOU,115057.71,5967.9,101855.97,9737.33,111593.3
2024-10-21,DC_CA_03,West,PG&E,GS-3 TOU,116686.65,5735.04,95982.34,11703.55,107685.88
2024-10-22,DC_CA_03,West,PG&E,GS-3 TOU,109568.09,5044.41,82594.99,8561.4,91156.38
2024-10-23,DC_CA_03,West,PG&E,GS-3 TOU,117343.31,5502.9,104027.19,11735.54,115762.73
2024-10-24,DC_CA_03,West,PG&E,GS-3 TOU,109652.85,5803.92,103395.16,12014.96,115410.12
2024-10-25,DC_CA_03,West,PG&E,GS-3 TOU,116999.82,6332.05,91580.95,10562.05,102143.0
2024-10-26,DC_CA_03,West,PG&E,GS-3 TOU,117746.73,5999.67,84169.92,10486.5,94656.41
2024-10-27,DC_CA_03,West,PG&E,GS-3 TOU,116970.94,5440.77,79471.14,12423.99,91895.13
2024-10-28,DC_CA_03,West,PG&E,GS-3 TOU,109945.56,5444.47,95153.12,6830.2,101983.32
2024-10-29,DC_CA_03,West,PG&E,GS-3 TOU,118953.2,6281.98,81729.63,7894.74,89624.38
2024-10-30,DC_CA_03,West,PG&E,GS-3 TOU,118092.71,6322.15,101102.31,9805.65,110907.96
2024-10-31,DC_CA_03,West,PG&E,GS-3 TOU,112578.66,5998.82,85819.13,10384.84,96203.96
2024-11-01,DC_CA_03,West,PG&E,GS-3 TOU,112514.09,5992.5,87381.52,6827.55,94209.07
2024-11-02,DC_CA_03,West,PG&E,GS-3 TOU,115614.9,5441.82,100794.49,7469.29,108263.78
2024-11-03,DC_CA_03,West,PG&E,GS-3 TOU,119700.28,6307.81,103605.16,12561.27,116166.43
2024-11-04,DC_CA_03,West,PG&E,GS-3 TOU,118931.38,5831.64,116112.03,11097.89,127209.92
2024-11-05,DC_CA_03,West,PG&E,GS-3 TOU,112337.02,5513.78,72253.27,9436.58,81689.85
2024-11-06,DC_CA_03,West,PG&E,GS-3 TOU,110836.35,5846.36,89085.69,12063.4,101149.09
2024-11-07,DC_CA_03,West,PG&E,GS-3 TOU,111086.48,5152.39,80946.65,11615.86,92562.51
2024-11-08,DC_CA_03,West,PG&E,GS-3 TOU,113959.77,5675.63,90312.33,8651.28,98963.61
2024-11-09,DC_CA_03,West,PG&E,GS-3 TOU,120414.86,6113.36,91195.28,11407.22,102602.5
2024-11-10,DC_CA_03,West,PG&E,GS-3 TOU,119202.57,6125.64,101570.08,7864.76,109434.84
2024-11-11,DC_CA_03,West,PG&E,GS-3 TOU,113782.07,5977.44,119294.64,9250.13,128544.77
2024-11-12,DC_CA_03,West,PG&E,GS-3 TOU,112054.77,5864.52,106382.41,10497.86,116880.27
2024-11-13,DC_CA_03,West,PG&E,GS-3 TOU,114761.75,5730.49,79426.47,11456.14,90882.61
2024-11-14,DC_CA_03,West,PG&E,GS-3 TOU,114004.37,5748.72,81965.81,9824.69,91790.5
2024-11-15,DC_CA_03,West,PG&E,GS-3 TOU,115049.27,5539.47,95363.19,11341.05,106704.24
2024-11-16,DC_CA_03,West,PG&E,GS-3 TOU,121537.73,6558.45,82200.7,10173.71,92374.41
2024-11-17,DC_CA_03,West,PG&E,GS-3 TOU,112512.45,5434.04,87953.72,11996.89,99950.61
2024-11-18,DC_CA_03,West,PG&E,GS-3 TOU,115356.25,5670.88,97672.97,10373.96,108046.93
2024-11-19,DC_CA_03,West,PG&E,GS-3 TOU,114172.69,6162.5,80639.44,9960.27,90599.71
2024-11-20,DC_CA_03,West,PG&E,GS-3 TOU,123147.44,5720.85,114259.9,12978.11,127238.01
2024-11-21,DC_CA_03,West,PG&E,GS-3 TOU,121083.13,6327.04,123583.73,9307.07,132890.8
2024-11-22,DC_CA_03,West,PG&E,GS-3 TOU,119280.2,6195.0,122670.01,12668.2,135338.21
2024-11-23,DC_CA_03,West,PG&E,GS-3 TOU,123122.35,5954.01,101366.75,13337.52,114704.27
2024-11-24,DC_CA_03,West,PG&E,GS-3 TOU,124520.86,6408.78,95876.64,9384.13,105260.78
2024-11-25,DC_CA_03,West,PG&E,GS-3 TOU,120213.59,6301.21,104838.59,9124.11,113962.7
2024-11-26,DC_CA_03,West,PG&E,GS-3 TOU,117992.16,6210.09,78332.78,9833.04,88165.82
2024-11-27,DC_CA_03,West,PG&E,GS-3 TOU,116066.85,5378.83,69121.75,9861.64,78983.39
2024-11-28,DC_CA_03,West,PG&E,GS-3 TOU,115671.11,6208.69,96959.25,11987.32,108946.57
2024-11-29,DC_CA_03,West,PG&E,GS-3 TOU,126408.89,5793.94,98099.62,11465.16,109564.78
2024-11-30,DC_CA_03,West,PG&E,GS-3 TOU,120279.28,5910.67,90549.63,9955.41,100505.04
2024-12-01,DC_CA_03,West,PG&E,GS-3 TOU,123826.1,5815.03,78178.17,8653.21,86831.38
2024-12-02,DC_CA_03,West,PG&E,GS-3 TOU,118400.46,5944.94,112629.08,7762.39,120391.47
2024-12-03,DC_CA_03,West,PG&E,GS-3 TOU,119065.46,5618.44,69133.16,11166.09,80299.24
2024-12-04,DC_CA_03,West,PG&E,GS-3 TOU,123237.73,6365.43,78522.15,8718.56,87240.7
2024-12-05,DC_CA_03,West,PG&E,GS-3 TOU,120363.4,5615.55,78809.12,7922.79,86731.9
2024-12-06,DC_CA_03,West,PG&E,GS-3 TOU,119778.54,6018.84,100768.46,11249.55,112018.02
2024-12-07,DC_CA_03,West,PG&E,GS-3 TOU,118224.73,5588.17,92019.44,12288.1,104307.54
2024-12-08,DC_CA_03,West,PG&E,GS-3 TOU,127331.49,6230.27,100863.81,11551.51,112415.32
2024-12-09,DC_CA_03,West,PG&E,GS-3 TOU,120820.58,6010.74,81783.12,10284.8,92067.92
2024-12-10,DC_CA_03,West,PG&E,GS-3 TOU,121023.84,6345.09,94404.46,12803.04,107207.5
2024-12-11,DC_CA_03,West,PG&E,GS-3 TOU,121179.81,5751.19,83879.95,11381.76,95261.71
2024-12-12,DC_CA_03,West,PG&E,GS-3 TOU,129866.08,6304.66,106086.41,10351.21,116437.62
2024-12-13,DC_CA_03,West,PG&E,GS-3 TOU,127832.86,6359.17,126961.52,10371.44,137332.96
2024-12-14,DC_CA_03,West,PG&E,GS-3 TOU,118266.2,6302.67,115259.41,7977.89,123237.3
2024-12-15,DC_CA_03,West,PG&E,GS-3 TOU,126088.34,6138.24,74292.7,13074.57,87367.28
2024-12-16,DC_CA_03,West,PG&E,GS-3 TOU,121471.92,6141.31,103683.85,9423.44,113107.29
2024-12-17,DC_CA_03,West,PG&E,GS-3 TOU,119196.81,5578.87,75394.3,7909.28,83303.59
2024-12-18,DC_CA_03,West,PG&E,GS-3 TOU,124911.2,6508.01,121588.98,13150.27,134739.24
2024-12-19,DC_CA_03,West,PG&E,GS-3 TOU,121880.96,6034.28,85178.48,8528.08,93706.56
2024-12-20,DC_CA_03,West,PG&E,GS-3 TOU,126005.91,5846.79,113913.14,8934.92,122848.05
2024-12-21,DC_CA_03,West,PG&E,GS-3 TOU,125804.78,6232.98,87132.11,7639.92,94772.03
2024-12-22,DC_CA_03,West,PG&E,GS-3 TOU,131138.31,6190.41,74994.69,10590.24,85584.93
2024-12-23,DC_CA_03,West,PG&E,GS-3 TOU,126502.63,5820.2,108248.86,12774.3,121023.16
2024-12-24,DC_CA_03,West,PG&E,GS-3 TOU,130706.46,6299.36,102956.62,13314.0,116270.63
2024-12-25,DC_CA_03,West,PG&E,GS-3 TOU,125717.91,6417.2,84345.63,7620.65,91966.28
2024-12-26,DC_CA_03,West,PG&E,GS-3 TOU,130690.77,6255.91,94344.22,11749.16,106093.38
2024-12-27,DC_CA_03,West,PG&E,GS-3 TOU,132411.1,7119.76,100851.14,13794.35,114645.5
2024-12-28,DC_CA_03,West,PG&E,GS-3 TOU,124230.09,6185.04,75497.51,7499.36,82996.87
2024-12-29,DC_CA_03,West,PG&E,GS-3 TOU,129109.39,6477.47,88189.05,14167.06,102356.11
2024-12-30,DC_CA_03,West,PG&E,GS-3 TOU,125587.66,5874.93,107055.83,13296.86,120352.7
2024-12-31,DC_CA_03,West,PG&E,GS-3 TOU,133134.39,7103.57,110883.46,11482.18,122365.63
2024-01-01,DC_WA_04,West,Puget Sound Energy,Primary General,120420.2,6364.37,80302.49,9011.12,89313.61
2024-01-02,DC_WA_04,West,Puget Sound Energy,Primary General,111720.91,5238.73,84597.56,7391.92,91989.49
2024-01-03,DC_WA_04,West,Puget Sound Energy,Primary General,112847.87,5508.99,96266.89,12354.05,108620.94
2024-01-04,DC_WA_04,West,Puget Sound Energy,Primary General,121256.86,5701.66,93722.99,9592.26,103315.25
2024-01-05,DC_WA_04,West,Puget Sound Energy,Primary General,111380.03,5108.8,87537.1,10416.45,97953.55
2024-01-06,DC_WA_04,West,Puget Sound Energy,Primary General,115518.34,5765.95,70298.67,9330.67,79629.34
2024-01-07,DC_WA_04,West,Puget Sound Energy,Primary General,114890.67,5435.37,106825.38,7458.84,114284.22
2024-01-08,DC_WA_04,West,Puget Sound Energy,Primary General,118232.33,6136.9,92944.5,8958.25,101902.75
2024-01-09,DC_WA_04,West,Puget Sound Energy,Primary General,114237.71,5328.2,97933.0,7876.87,105809.87
2024-01-10,DC_WA_04,West,Puget Sound Energy,Primary General,119666.56,6030.13,116860.68,10022.61,126883.29
2024-01-11,DC_WA_04,West,Puget Sound Energy,Primary General,112798.76,5433.71,99216.23,8741.55,107957.78
2024-01-12,DC_WA_04,West,Puget Sound Energy,Primary General,123903.26,5927.4,110516.24,12850.67,123366.91
2024-01-13,DC_WA_04,West,Puget Sound Energy,Primary General,115082.28,5657.57,112165.7,9262.24,121427.94
2024-01-14,DC_WA_04,West,Puget Sound Energy,Primary General,114809.13,6026.67,107557.82,8806.97,116364.79
2024-01-15,DC_WA_04,West,Puget Sound Energy,Primary General,117895.13,5971.74,110079.06,11981.75,122060.81
2024-01-16,DC_WA_04,West,Puget Sound Energy,Primary General,123461.3,5719.98,75045.56,11679.75,86725.31
2024-01-17,DC_WA_04,West,Puget Sound Energy,Primary General,118343.4,5965.09,96377.29,9483.68,105860.97
2024-01-18,DC_WA_04,West,Puget Sound Energy,Primary General,125536.44,5895.21,89418.58,11771.9,101190.48
2024-01-19,DC_WA_04,West,Puget Sound Energy,Primary General,115448.93,5444.13,103638.8,12406.56,116045.37
2024-01-20,DC_WA_04,West,Puget Sound Energy,Primary General,124983.8,6761.14,100359.04,8800.83,109159.87
2024-01-21,DC_WA_04,West,Puget Sound Energy,Primary General,122379.08,6102.44,90697.38,9902.85,100600.23
2024-01-22,DC_WA_04,West,Puget Sound Energy,Primary General,121719.74,6162.66,97209.36,8285.81,105495.17
2024-01-23,DC_WA_04,West,Puget Sound Energy,Primary General,121480.09,6145.16,110232.9,8565.0,118797.9
2024-01-24,DC_WA_04,West,Puget Sound Energy,Primary General,115329.14,5626.94,92907.2,11418.81,104326.01
2024-01-25,DC_WA_04,West,Puget Sound Energy,Primary General,118423.1,6113.55,112305.53,10465.0,122770.53
2024-01-26,DC_WA_04,West,Puget Sound Energy,Primary General,124419.21,6335.12,82771.28,10502.09,93273.37
2024-01-27,DC_WA_04,West,Puget Sound Energy,Primary General,118895.36,5864.61,94476.92,10696.42,105173.34
2024-01-28,DC_WA_04,West,Puget Sound Energy,Primary General,119456.17,5481.51,78303.41,10131.31,88434.72
2024-01-29,DC_WA_04,West,Puget Sound Energy,Primary General,125147.34,5760.89,112520.58,11168.32,123688.9
2024-01-30,DC_WA_04,West,Puget Sound Energy,Primary General,118525.53,5898.27,100302.84,7653.32,107956.16
2024-01-31,DC_WA_04,West,Puget Sound Energy,Primary General,123369.13,6073.22,116439.42,10618.24,127057.66
2024-02-01,DC_WA_04,West,Puget Sound Energy,Primary General,119246.62,5487.89,91191.97,12292.33,103484.29
2024-02-02,DC_WA_04,West,Puget Sound Energy,Primary General,128026.19,6504.74,100416.17,12867.66,113283.83
2024-02-03,DC_WA_04,West,Puget Sound Energy,Primary General,126526.54,6761.83,90921.51,11211.03,102132.54
2024-02-04,DC_WA_04,West,Puget Sound Energy,Primary General,120810.63,5737.14,82909.27,8739.79,91649.06
2024-02-05,DC_WA_04,West,Puget Sound Energy,Primary General,124578.88,6320.29,106960.63,10131.38,117092.01
2024-02-06,DC_WA_04,West,Puget Sound Energy,Primary General,118926.34,5537.79,89405.57,8157.33,97562.9
2024-02-07,DC_WA_04,West,Puget Sound Energy,Primary General,120785.71,5821.15,107661.77,9664.75,117326.52
2024-02-08,DC_WA_04,West,Puget Sound Energy,Primary General,118506.69,6072.85,111675.22,11073.72,122748.94
2024-02-09,DC_WA_04,West,Puget Sound Energy,Primary General,130180.2,5988.44,114315.52,8811.79,123127.31
2024-02-10,DC_WA_04,West,Puget Sound Energy,Primary General,124477.9,6290.9,109666.25,11595.29,121261.54
2024-02-11,DC_WA_04,West,Puget Sound Energy,Primary General,130616.25,7071.73,101109.91,12540.19,113650.1
2024-02-12,DC_WA_04,West,Puget Sound Energy,Primary General,130185.2,6020.22,115462.32,9315.28,124777.6
2024-02-13,DC_WA_04,West,Puget Sound Energy,Primary General,122568.89,5843.12,110276.5,8200.63,118477.13
2024-02-14,DC_WA_04,West,Puget Sound Energy,Primary General,125840.04,6475.41,116973.84,9054.61,126028.45
2024-02-15,DC_WA_04,West,Puget Sound Energy,Primary General,129321.63,6264.12,85677.67,10414.81,96092.48
2024-02-16,DC_WA_04,West,Puget Sound Energy,Primary General,132263.62,6773.66,97724.22,14116.12,111840.34
2024-02-17,DC_WA_04,West,Puget Sound Energy,Primary General,130011.98,6788.64,133906.67,12296.9,146203.56
2024-02-18,DC_WA_04,West,Puget Sound Energy,Primary General,125297.41,5879.29,104854.0,11726.01,116580.01
2024-02-19,DC_WA_04,West,Puget Sound Energy,Primary General,127793.02,6077.43,88107.64,10890.88,98998.52
2024-02-20,DC_WA_04,West,Puget Sound Energy,Primary General,126112.47,6458.24,89496.97,12265.79,101762.76
2024-02-21,DC_WA_04,West,Puget Sound Energy,Primary General,126019.78,6058.57,110672.5,8812.76,119485.26
2024-02-22,DC_WA_04,West,Puget Sound Energy,Primary General,132626.42,6487.9,124411.71,12939.56,137351.26
2024-02-23,DC_WA_04,West,Puget Sound Energy,Primary General,132013.62,6251.74,93859.94,14233.0,108092.94
2024-02-24,DC_WA_04,West,Puget Sound Energy,Primary General,125725.44,5827.83,75016.41,10599.75,85616.16
2024-02-25,DC_WA_04,West,Puget Sound Energy,Primary General,124741.67,6046.79,114912.7,12529.22,127441.92
2024-02-26,DC_WA_04,West,Puget Sound Energy,Primary General,125605.16,6655.71,120582.9,12919.94,133502.84
2024-02-27,DC_WA_04,West,Puget Sound Energy,Primary General,123777.17,6385.17,111487.17,13275.25,124762.42
2024-02-28,DC_WA_04,West,Puget Sound Energy,Primary General,126318.33,6316.53,101598.56,11657.44,113256.01
2024-02-29,DC_WA_04,West,Puget Sound Energy,Primary General,123760.86,5994.22,113238.82,12390.91,125629.73
2024-03-01,DC_WA_04,West,Puget Sound Energy,Primary General,124143.54,6675.18,115470.75,9489.67,124960.42
2024-03-02,DC_WA_04,West,Puget Sound Energy,Primary General,132226.25,6955.04,100871.45,14186.22,115057.67
2024-03-03,DC_WA_04,West,Puget Sound Energy,Primary General,133767.52,6277.81,112597.62,12741.63,125339.25
2024-03-04,DC_WA_04,West,Puget Sound Energy,Primary General,131592.27,6308.0,84217.29,13639.82,97857.11
2024-03-05,DC_WA_04,West,Puget Sound Energy,Primary General,123669.83,6407.61,120416.77,10360.29,130777.06
2024-03-06,DC_WA_04,West,Puget Sound Energy,Primary General,128087.22,6050.28,99171.88,13042.11,112213.99
2024-03-07,DC_WA_04,West,Puget Sound Energy,Primary General,125713.15,6516.53,109702.62,10755.47,120458.09
2024-03-08,DC_WA_04,West,Puget Sound Energy,Primary General,129382.01,6823.51,120606.27,13129.44,133735.72
2024-03-09,DC_WA_04,West,Puget Sound Energy,Primary General,124899.92,6597.69,115962.21,11684.47,127646.67
2024-03-10,DC_WA_04,West,Puget Sound Energy,Primary General,128385.21,6825.04,88047.99,12359.46,100407.46
2024-03-11,DC_WA_04,West,Puget Sound Energy,Primary General,129101.67,6870.77,135294.61,8050.76,143345.37
2024-03-12,DC_WA_04,West,Puget Sound Energy,Primary General,132771.61,6783.94,94909.57,9762.43,104672.0
2024-03-13,DC_WA_04,West,Puget Sound Energy,Primary General,136334.42,6587.53,99768.04,13466.47,113234.51
2024-03-14,DC_WA_04,West,Puget Sound Energy,Primary General,125973.06,5785.01,114579.32,10986.47,125565.79
2024-03-15,DC_WA_04,West,Puget Sound Energy,Primary General,129097.21,6301.23,101855.23,9966.9,111822.13
2024-03-16,DC_WA_04,West,Puget Sound Energy,Primary General,130150.28,6919.56,111142.47,11098.7,122241.17
2024-03-17,DC_WA_04,West,Puget Sound Energy,Primary General,126303.04,6823.25,85883.62,9156.8,95040.42
2024-03-18,DC_WA_04,West,Puget Sound Energy,Primary General,133292.97,6770.58,104114.83,10764.38,114879.21
2024-03-19,DC_WA_04,West,Puget Sound Energy,Primary General,135002.99,6407.82,110150.26,13637.01,123787.27
2024-03-20,DC_WA_04,West,Puget Sound Energy,Primary General,130301.29,6469.49,116560.25,9490.15,126050.4
2024-03-21,DC_WA_04,West,Puget Sound Energy,Primary General,131636.1,6385.29,127487.87,11821.25,139309.12
2024-03-22,DC_WA_04,West,Puget Sound Energy,Primary General,130712.76,6993.89,86988.98,10097.67,97086.65
2024-03-23,DC_WA_04,West,Puget Sound Energy,Primary General,127764.74,6301.67,75631.5,9068.96,84700.46
2024-03-24,DC_WA_04,West,Puget Sound Energy,Primary General,137216.94,7254.06,96787.48,13325.77,110113.25
2024-03-25,DC_WA_04,West,Puget Sound Energy,Primary General,126831.51,5884.56,114339.82,12201.38,126541.19
2024-03-26,DC_WA_04,West,Puget Sound Energy,Primary General,131003.8,6134.41,90731.89,11216.5,101948.39
2024-03-27,DC_WA_04,West,Puget Sound Energy,Primary General,130348.01,6649.19,85673.72,12505.05,98178.78
2024-03-28,DC_WA_04,West,Puget Sound Energy,Primary General,125943.16,6815.97,84726.9,9022.12,93749.02
2024-03-29,DC_WA_04,West,Puget Sound Energy,Primary General,128051.71,5910.61,108868.77,10191.71,119060.47
2024-03-30,DC_WA_04,West,Puget Sound Energy,Primary General,130120.47,6445.5,103586.61,12202.61,115789.22
2024-03-31,DC_WA_04,West,Puget Sound Energy,Primary General,137066.9,7271.44,132517.41,8291.94,140809.35
2024-04-01,DC_WA_04,West,Puget Sound Energy,Primary General,131828.22,7128.44,141821.42,11094.87,152916.3
2024-04-02,DC_WA_04,West,Puget Sound Energy,Primary General,135777.41,6504.42,129679.22,11801.74,141480.96
2024-04-03,DC_WA_04,West,Puget Sound Energy,Primary General,137197.92,6399.56,94487.17,13077.51,107564.68
2024-04-04,DC_WA_04,West,Puget Sound Energy,Primary General,125980.53,6197.7,114973.2,9037.56,124010.75
2024-04-05,DC_WA_04,West,Puget Sound Energy,Primary General,130405.43,6876.2,99447.34,7828.22,107275.57
2024-04-06,DC_WA_04,West,Puget Sound Energy,Primary General,129174.03,6171.9,83302.1,8190.84,91492.94
2024-04-07,DC_WA_04,West,Puget Sound Energy,Primary General,133384.16,6437.3,96655.62,10786.74,107442.36
2024-04-08,DC_WA_04,West,Puget Sound Energy,Primary General,137672.38,7348.61,107592.76,11653.67,119246.43
2024-04-09,DC_WA_04,West,Puget Sound Energy,Primary General,127500.03,6856.74,98608.19,8033.95,106642.14
2024-04-10,DC_WA_04,West,Puget Sound Energy,Primary General,130068.11,6308.74,115230.95,8872.51,124103.46
2024-04-11,DC_WA_04,West,Puget Sound Energy,Primary General,127763.14,6531.79,82067.29,8456.94,90524.22
2024-04-12,DC_WA_04,West,Puget Sound Energy,Primary General,138235.74,6554.83,107217.6,13970.45,121188.05
2024-04-13,DC_WA_04,West,Puget Sound Energy,Primary General,127211.32,6843.38,129183.67,9203.49,138387.16
2024-04-14,DC_WA_04,West,Puget Sound Energy,Primary General,128434.85,6800.56,109449.93,7791.04,117240.98
2024-04-15,DC_WA_04,West,Puget Sound Energy,Primary General,136426.14,7315.62,135755.94,14387.51,150143.45
2024-04-16,DC_WA_04,West,Puget Sound Energy,Primary General,138013.0,6554.72,93809.5,10241.84,104051.34
2024-04-17,DC_WA_04,West,Puget Sound Energy,Primary General,131227.65,6444.72,85579.7,11446.69,97026.4
2024-04-18,DC_WA_04,West,Puget Sound Energy,Primary General,135404.05,6395.1,102492.66,10225.09,112717.76
2024-04-19,DC_WA_04,West,Puget Sound Energy,Primary General,136800.11,7113.0,94220.13,12623.47,106843.6
2024-04-20,DC_WA_04,West,Puget Sound Energy,Primary General,133481.59,6215.18,95142.75,10527.45,105670.2
2024-04-21,DC_WA_04,West,Puget Sound Energy,Primary General,126734.59,6098.03,119698.67,13659.77,133358.43
2024-04-22,DC_WA_04,West,Puget Sound Energy,Primary General,130874.58,6045.42,91514.07,9024.42,100538.49
2024-04-23,DC_WA_04,West,Puget Sound Energy,Primary General,138768.34,6523.5,83953.9,13623.69,97577.6
2024-04-24,DC_WA_04,West,Puget Sound Energy,Primary General,139193.37,6822.35,100566.41,13746.98,114313.39
2024-04-25,DC_WA_04,West,Puget Sound Energy,Primary General,134475.24,6378.63,124412.01,9050.32,133462.33
2024-04-26,DC_WA_04,West,Puget Sound Energy,Primary General,138299.03,7361.51,135938.65,12622.78,148561.43
2024-04-27,DC_WA_04,West,Puget Sound Energy,Primary General,127005.76,6175.43,105508.25,9612.45,115120.7
2024-04-28,DC_WA_04,West,Puget Sound Energy,Primary General,130782.25,6156.04,113979.47,11747.3,125726.77
2024-04-29,DC_WA_04,West,Puget Sound Energy,Primary General,131094.43,6152.99,85525.77,9154.9,94680.67
2024-04-30,DC_WA_04,West,Puget Sound Energy,Primary General,129965.7,6652.94,116883.08,11703.06,128586.13
2024-05-01,DC_WA_04,West,Puget Sound Energy,Primary General,130754.57,6890.76,108545.55,9179.54,117725.09
2024-05-02,DC_WA_04,West,Puget Sound Energy,Primary General,136520.71,6462.16,123229.99,8941.17,132171.16
2024-05-03,DC_WA_04,West,Puget Sound Energy,Primary General,130402.99,6719.96,117736.21,7989.46,125725.67
2024-05-04,DC_WA_04,West,Puget Sound Energy,Primary General,129996.96,6018.58,83817.31,11763.51,95580.82
2024-05-05,DC_WA_04,West,Puget Sound Energy,Primary General,130879.27,6086.52,87547.39,8815.79,96363.18
2024-05-06,DC_WA_04,West,Puget Sound Energy,Primary General,126891.6,6779.0,107588.71,7651.86,115240.57
2024-05-07,DC_WA_04,West,Puget Sound Energy,Primary General,127276.15,6159.83,81885.98,13529.83,95415.82
2024-05-08,DC_WA_04,West,Puget Sound Energy,Primary General,138353.22,6578.46,107711.85,13431.1,121142.95
2024-05-09,DC_WA_04,West,Puget Sound Energy,Primary General,137208.28,6922.15,93889.72,11899.79,105789.51
2024-05-10,DC_WA_04,West,Puget Sound Energy,Primary General,127650.62,6825.57,102224.28,9751.47,111975.76
2024-05-11,DC_WA_04,West,Puget Sound Energy,Primary General,135414.81,6588.86,117963.14,14571.06,132534.2
2024-05-12,DC_WA_04,West,Puget Sound Energy,Primary General,133194.97,7082.53,99555.54,8322.06,107877.6
2024-05-13,DC_WA_04,West,Puget Sound Energy,Primary General,131370.26,6269.62,121340.16,12768.57,134108.73
2024-05-14,DC_WA_04,West,Puget Sound Energy,Primary General,130745.44,6365.27,99036.06,14130.65,113166.71
2024-05-15,DC_WA_04,West,Puget Sound Energy,Primary General,131521.36,6413.47,106153.55,13872.53,120026.08
2024-05-16,DC_WA_04,West,Puget Sound Energy,Primary General,135028.25,7102.27,109868.93,10409.66,120278.59
2024-05-17,DC_WA_04,West,Puget Sound Energy,Primary General,136070.93,6648.49,129831.28,13565.83,143397.11
2024-05-18,DC_WA_04,West,Puget Sound Energy,Primary General,133015.51,6918.61,129795.33,13335.45,143130.78
2024-05-19,DC_WA_04,West,Puget Sound Energy,Primary General,129923.63,6010.34,104520.04,10406.08,114926.12
2024-05-20,DC_WA_04,West,Puget Sound Energy,Primary General,130552.62,6798.49,116104.26,10163.41,126267.66
2024-05-21,DC_WA_04,West,Puget Sound Energy,Primary General,126992.79,6613.54,90159.19,11084.54,101243.73
2024-05-22,DC_WA_04,West,Puget Sound Energy,Primary General,128275.37,6679.52,91698.15,10791.81,102489.97
2024-05-23,DC_WA_04,West,Puget Sound Energy,Primary General,137012.73,7096.26,109401.91,14777.75,124179.66
2024-05-24,DC_WA_04,West,Puget Sound Energy,Primary General,130463.22,6955.82,122827.39,11252.77,134080.17
2024-05-25,DC_WA_04,West,Puget Sound Energy,Primary General,127440.49,6315.45,86192.22,8433.06,94625.28
2024-05-26,DC_WA_04,West,Puget Sound Energy,Primary General,124050.93,5726.26,79817.34,13504.7,93322.04
2024-05-27,DC_WA_04,West,Puget Sound Energy,Primary General,132583.02,7003.81,92626.46,11605.39,104231.85
2024-05-28,DC_WA_04,West,Puget Sound Energy,Primary General,133309.18,6776.83,123053.48,12872.67,135926.15
2024-05-29,DC_WA_04,West,Puget Sound Energy,Primary General,136407.92,6904.02,118664.3,10514.6,129178.9
2024-05-30,DC_WA_04,West,Puget Sound Energy,Primary General,124481.96,6636.34,97041.46,8211.96,105253.42
2024-05-31,DC_WA_04,West,Puget Sound Energy,Primary General,134077.32,6812.59,107553.73,10683.52,118237.25
2024-06-01,DC_WA_04,West,Puget Sound Energy,Primary General,134452.28,6543.35,83133.74,13913.46,97047.2
2024-06-02,DC_WA_04,West,Puget Sound Energy,Primary General,133312.32,7051.72,108898.09,9210.67,118108.76
2024-06-03,DC_WA_04,West,Puget Sound Energy,Primary General,125257.96,6478.55,110670.48,10868.31,121538.78
2024-06-04,DC_WA_04,West,Puget Sound Energy,Primary General,125532.85,5975.1,87096.26,7792.44,94888.69
2024-06-05,DC_WA_04,West,Puget Sound Energy,Primary General,130102.43,6893.19,106728.44,12144.59,118873.03
2024-06-06,DC_WA_04,West,Puget Sound Energy,Primary General,135049.69,6999.23,113532.37,14383.91,127916.28
2024-06-07,DC_WA_04,West,Puget Sound Energy,Primary General,125948.13,5828.07,75592.51,12129.34,87721.85
2024-06-08,DC_WA_04,West,Puget Sound Energy,Primary General,126379.54,6353.17,106762.96,11149.31,117912.27
2024-06-09,DC_WA_04,West,Puget Sound Energy,Primary General,124485.06,6099.5,120517.19,11310.68,131827.87
2024-06-10,DC_WA_04,West,Puget Sound Energy,Primary General,131570.84,7041.89,117837.21,12908.49,130745.7
2024-06-11,DC_WA_04,West,Puget Sound Energy,Primary General,124542.97,6400.14,107648.85,11354.46,119003.31
2024-06-12,DC_WA_04,West,Puget Sound Energy,Primary General,128225.93,6441.92,104065.97,9837.77,113903.73
2024-06-13,DC_WA_04,West,Puget Sound Energy,Primary General,124334.54,6532.92,82835.72,8615.0,91450.72
2024-06-14,DC_WA_04,West,Puget Sound Energy,Primary General,127249.69,6530.36,92822.69,10419.95,103242.64
2024-06-15,DC_WA_04,West,Puget Sound Energy,Primary General,128662.98,6269.11,121502.55,13721.06,135223.61
2024-06-16,DC_WA_04,West,Puget Sound Energy,Primary General,127800.69,6206.73,76303.7,12378.34,88682.04
2024-06-17,DC_WA_04,West,Puget Sound Energy,Primary General,127298.82,6191.31,74890.22,13497.09,88387.31
2024-06-18,DC_WA_04,West,Puget Sound Energy,Primary General,128143.43,6664.17,84523.13,10796.2,95319.32
2024-06-19,DC_WA_04,West,Puget Sound Energy,Primary General,133333.91,6686.71,92897.61,12094.63,104992.24
2024-06-20,DC_WA_04,West,Puget Sound Energy,Primary General,126956.23,6272.85,80601.67,8092.8,88694.47
2024-06-21,DC_WA_04,West,Puget Sound Energy,Primary General,131299.02,6280.27,100731.13,9157.83,109888.96
2024-06-22,DC_WA_04,West,Puget Sound Energy,Primary General,130267.8,6037.85,78212.46,11573.04,89785.5
2024-06-23,DC_WA_04,West,Puget Sound Energy,Primary General,120830.39,5591.17,72370.86,12289.44,84660.3
2024-06-24,DC_WA_04,West,Puget Sound Energy,Primary General,120791.99,5977.09,84272.58,12344.9,96617.48
2024-06-25,DC_WA_04,West,Puget Sound Energy,Primary General,125402.32,5789.33,96223.84,10339.91,106563.75
2024-06-26,DC_WA_04,West,Puget Sound Energy,Primary General,127130.15,6178.98,79418.33,9633.5,89051.83
2024-06-27,DC_WA_04,West,Puget Sound Energy,Primary General,124398.44,5804.74,114528.59,12232.07,126760.66
2024-06-28,DC_WA_04,West,Puget Sound Energy,Primary General,131839.35,6993.06,123126.23,11870.76,134997.0
2024-06-29,DC_WA_04,West,Puget Sound Energy,Primary General,123060.85,6287.15,99689.9,10187.28,109877.18
2024-06-30,DC_WA_04,West,Puget Sound Energy,Primary General,128841.62,6207.93,120416.07,9779.33,130195.4
2024-07-01,DC_WA_04,West,Puget Sound Energy,Primary General,119878.35,5979.57,100952.44,12663.95,113616.4
2024-07-02,DC_WA_04,West,Puget Sound Energy,Primary General,125868.02,6030.91,113479.9,9712.45,123192.35
2024-07-03,DC_WA_04,West,Puget Sound Energy,Primary General,125868.78,6308.9,76515.79,8178.83,84694.61
2024-07-04,DC_WA_04,West,Puget Sound Energy,Primary General,130763.58,6404.13,80933.62,11789.73,92723.35
2024-07-05,DC_WA_04,West,Puget Sound Energy,Primary General,127095.59,6812.92,88628.8,11283.96,99912.76
2024-07-06,DC_WA_04,West,Puget Sound Energy,Primary General,125670.08,6562.44,124940.27,10093.92,135034.2
2024-07-07,DC_WA_04,West,Puget Sound Energy,Primary General,126343.84,6737.55,87927.04,11519.43,99446.47
2024-07-08,DC_WA_04,West,Puget Sound Energy,Primary General,121968.3,5795.32,104797.91,12860.5,117658.41
2024-07-09,DC_WA_04,West,Puget Sound Energy,Primary General,126366.88,6108.75,110272.76,8744.87,119017.64
2024-07-10,DC_WA_04,West,Puget Sound Energy,Primary General,123698.22,5902.25,72731.48,11235.65,83967.12
2024-07-11,DC_WA_04,West,Puget Sound Energy,Primary General,121708.32,6053.53,120327.35,8202.89,128530.24
2024-07-12,DC_WA_04,West,Puget Sound Energy,Primary General,120105.98,5635.33,102295.18,8428.65,110723.83
2024-07-13,DC_WA_04,West,Puget Sound Energy,Primary General,122627.92,6198.24,76086.24,7486.49,83572.74
2024-07-14,DC_WA_04,West,Puget Sound Energy,Primary General,122724.13,6460.05,82001.63,12795.46,94797.09
2024-07-15,DC_WA_04,West,Puget Sound Energy,Primary General,123710.37,6611.53,123215.86,9822.43,133038.3
2024-07-16,DC_WA_04,West,Puget Sound Energy,Primary General,118574.72,6358.96,124194.76,11569.47,135764.24
2024-07-17,DC_WA_04,West,Puget Sound Energy,Primary General,125100.98,6112.65,86827.3,13374.43,100201.73
2024-07-18,DC_WA_04,West,Puget Sound Energy,Primary General,120716.67,6237.84,121233.86,11862.32,133096.18
2024-07-19,DC_WA_04,West,Puget Sound Energy,Primary General,119005.63,6245.81,78137.31,11534.89,89672.21
2024-07-20,DC_WA_04,West,Puget Sound Energy,Primary General,121093.56,5835.46,115913.17,9109.21,125022.38
2024-07-21,DC_WA_04,West,Puget Sound Energy,Primary General,124071.66,6428.64,96542.91,13502.83,110045.73
2024-07-22,DC_WA_04,West,Puget Sound Energy,Primary General,125864.36,6224.55,83690.69,13024.03,96714.71
2024-07-23,DC_WA_04,West,Puget Sound Energy,Primary General,127492.28,6075.83,109665.87,9729.07,119394.93
2024-07-24,DC_WA_04,West,Puget Sound Energy,Primary General,120588.11,6138.15,110111.97,9915.8,120027.77
2024-07-25,DC_WA_04,West,Puget Sound Energy,Primary General,118430.96,5485.78,86644.98,8881.9,95526.88
2024-07-26,DC_WA_04,West,Puget Sound Energy,Primary General,117558.02,5735.65,71461.28,9404.54,80865.82
2024-07-27,DC_WA_04,West,Puget Sound Energy,Primary General,122464.45,6515.46,109345.46,8277.02,117622.48
2024-07-28,DC_WA_04,West,Puget Sound Energy,Primary General,123310.56,6082.64,92978.29,11721.27,104699.56
2024-07-29,DC_WA_04,West,Puget Sound Energy,Primary General,121229.22,5563.77,96201.67,11466.59,107668.25
2024-07-30,DC_WA_04,West,Puget Sound Energy,Primary General,115448.59,5645.68,86750.86,12578.31,99329.17
2024-07-31,DC_WA_04,West,Puget Sound Energy,Primary General,120923.32,6459.25,107588.9,11592.08,119180.98
2024-08-01,DC_WA_04,West,Puget Sound Energy,Primary General,124362.2,6595.72,104218.12,10302.71,114520.83
2024-08-02,DC_WA_04,West,Puget Sound Energy,Primary General,119258.84,6426.77,81400.03,11312.69,92712.72
2024-08-03,DC_WA_04,West,Puget Sound Energy,Primary General,124876.77,6223.61,102053.1,7921.89,109974.99
2024-08-04,DC_WA_04,West,Puget Sound Energy,Primary General,119377.31,6344.65,118084.92,8380.25,126465.17
2024-08-05,DC_WA_04,West,Puget Sound Energy,Primary General,120941.53,5598.19,90136.05,13133.31,103269.37
2024-08-06,DC_WA_04,West,Puget Sound Energy,Primary General,117611.17,5850.57,84477.76,12101.35,96579.12
2024-08-07,DC_WA_04,West,Puget Sound Energy,Primary General,116312.79,5456.11,99521.51,8711.01,108232.52
2024-08-08,DC_WA_04,West,Puget Sound Energy,Primary General,119540.13,5705.53,83653.58,8165.7,91819.27
2024-08-09,DC_WA_04,West,Puget Sound Energy,Primary General,125030.65,6087.98,96688.32,13679.13,110367.45
2024-08-10,DC_WA_04,West,Puget Sound Energy,Primary General,115807.33,6167.84,109031.2,9614.07,118645.27
2024-08-11,DC_WA_04,West,Puget Sound Energy,Primary General,125314.17,5795.96,102957.49,8124.71,111082.2
2024-08-12,DC_WA_04,West,Puget Sound Energy,Primary General,116815.39,5533.45,67368.49,7238.83,74607.32
2024-08-13,DC_WA_04,West,Puget Sound Energy,Primary General,122586.77,5755.89,96970.51,10222.02,107192.54
2024-08-14,DC_WA_04,West,Puget Sound Energy,Primary General,118351.17,5451.16,65872.43,11737.49,77609.91
2024-08-15,DC_WA_04,West,Puget Sound Energy,Primary General,122220.29,6511.6,106037.05,9978.31,116015.36
2024-08-16,DC_WA_04,West,Puget Sound Energy,Primary General,118725.7,5826.67,111589.29,12391.55,123980.84
2024-08-17,DC_WA_04,West,Puget Sound Energy,Primary General,116948.48,5959.57,117382.43,12436.93,129819.36
2024-08-18,DC_WA_04,West,Puget Sound Energy,Primary General,118910.74,5898.79,116034.95,8791.63,124826.58
2024-08-19,DC_WA_04,West,Puget Sound Energy,Primary General,114470.48,5799.68,82541.36,8485.41,91026.77
2024-08-20,DC_WA_04,West,Puget Sound Energy,Primary General,117492.48,6362.99,105806.0,7372.46,113178.45
2024-08-21,DC_WA_04,West,Puget Sound Energy,Primary General,113583.77,5352.18,86082.78,9311.39,95394.17
2024-08-22,DC_WA_04,West,Puget Sound Energy,Primary General,115589.29,5602.67,80822.73,7437.98,88260.71
2024-08-23,DC_WA_04,West,Puget Sound Energy,Primary General,123886.23,6653.42,110226.1,9507.51,119733.62
2024-08-24,DC_WA_04,West,Puget Sound Energy,Primary General,123129.21,5649.77,110661.75,12378.69,123040.44
2024-08-25,DC_WA_04,West,Puget Sound Energy,Primary General,113376.93,5348.98,87190.08,12248.94,99439.02
2024-08-26,DC_WA_04,West,Puget Sound Energy,Primary General,112395.21,5392.75,94606.51,9272.29,103878.8
2024-08-27,DC_WA_04,West,Puget Sound Energy,Primary General,120816.46,6539.62,106633.41,8985.79,115619.2
2024-08-28,DC_WA_04,West,Puget Sound Energy,Primary General,118389.45,5826.38,115476.91,8104.72,123581.62
2024-08-29,DC_WA_04,West,Puget Sound Energy,Primary General,122098.66,6103.24,84335.07,11008.69,95343.76
2024-08-30,DC_WA_04,West,Puget Sound Energy,Primary General,118386.89,6111.69,121758.88,10152.66,131911.54
2024-08-31,DC_WA_04,West,Puget Sound Energy,Primary General,119124.56,5828.14,77885.55,11746.59,89632.14
2024-09-01,DC_WA_04,West,Puget Sound Energy,Primary General,116398.17,5671.46,103528.2,9496.97,113025.17
2024-09-02,DC_WA_04,West,Puget Sound Energy,Primary General,117520.34,6163.96,90835.48,10438.68,101274.16
2024-09-03,DC_WA_04,West,Puget Sound Energy,Primary General,121305.66,5800.73,93020.56,8639.29,101659.85
2024-09-04,DC_WA_04,West,Puget Sound Energy,Primary General,114800.96,5270.4,84794.21,10609.32,95403.53
2024-09-05,DC_WA_04,West,Puget Sound Energy,Primary General,116931.72,6301.61,119147.48,10355.47,129502.95
2024-09-06,DC_WA_04,West,Puget Sound Energy,Primary General,113296.57,5730.17,95492.38,11714.75,107207.13
2024-09-07,DC_WA_04,West,Puget Sound Energy,Primary General,120061.35,5875.05,92022.03,7758.66,99780.69
2024-09-08,DC_WA_04,West,Puget Sound Energy,Primary General,116229.05,6166.98,121698.37,8391.71,130090.08
2024-09-09,DC_WA_04,West,Puget Sound Energy,Primary General,122821.4,5882.77,112739.99,9506.7,122246.69
2024-09-10,DC_WA_04,West,Puget Sound Energy,Primary General,122895.84,6086.87,98660.51,9346.21,108006.72
2024-09-11,DC_WA_04,West,Puget Sound Energy,Primary General,119600.73,5754.26,71429.18,11580.18,83009.36
2024-09-12,DC_WA_04,West,Puget Sound Energy,Primary General,112089.1,5498.24,79862.28,8706.37,88568.65
2024-09-13,DC_WA_04,West,Puget Sound Energy,Primary General,117260.72,5687.86,82336.1,8162.86,90498.96
2024-09-14,DC_WA_04,West,Puget Sound Energy,Primary General,122929.73,6055.43,100594.98,10109.2,110704.18
2024-09-15,DC_WA_04,West,Puget Sound Energy,Primary General,123022.4,5886.21,104350.06,11571.99,115922.06
2024-09-16,DC_WA_04,West,Puget Sound Energy,Primary General,118607.44,5523.72,69117.03,11130.55,80247.58
2024-09-17,DC_WA_04,West,Puget Sound Energy,Primary General,118477.57,6160.42,115403.0,8358.41,123761.41
2024-09-18,DC_WA_04,West,Puget Sound Energy,Primary General,111842.88,5912.59,81243.09,9284.8,90527.89
2024-09-19,DC_WA_04,West,Puget Sound Energy,Primary General,113065.08,6080.36,82648.85,7194.7,89843.55
2024-09-20,DC_WA_04,West,Puget Sound Energy,Primary General,115589.52,5895.29,76669.14,10084.04,86753.17
2024-09-21,DC_WA_04,West,Puget Sound Energy,Primary General,114923.6,5495.98,84028.94,8122.47,92151.41
2024-09-22,DC_WA_04,West,Puget Sound Energy,Primary General,119807.7,5708.29,86351.25,9385.01,95736.26
2024-09-23,DC_WA_04,West,Puget Sound Energy,Primary General,123031.33,6617.72,92206.47,12303.98,104510.45
2024-09-24,DC_WA_04,West,Puget Sound Energy,Primary General,112389.74,5448.0,87426.31,8242.63,95668.95
2024-09-25,DC_WA_04,West,Puget Sound Energy,Primary General,120758.44,6398.51,95193.22,12346.73,107539.95
2024-09-26,DC_WA_04,West,Puget Sound Energy,Primary General,119731.23,5799.81,102149.36,7548.49,109697.85
2024-09-27,DC_WA_04,West,Puget Sound Energy,Primary General,111806.92,5505.73,96609.14,8549.76,105158.9
2024-09-28,DC_WA_04,West,Puget Sound Energy,Primary General,120744.35,5840.1,83813.18,12144.63,95957.81
2024-09-29,DC_WA_04,West,Puget Sound Energy,Primary General,117028.38,6072.82,120842.64,11076.27,131918.91
2024-09-30,DC_WA_04,West,Puget Sound Energy,Primary General,114475.57,5878.62,113579.64,10358.22,123937.86
2024-10-01,DC_WA_04,West,Puget Sound Energy,Primary General,113718.55,5924.55,84112.71,10054.25,94166.95
2024-10-02,DC_WA_04,West,Puget Sound Energy,Primary General,117522.77,5713.35,109193.51,10455.49,119649.0
2024-10-03,DC_WA_04,West,Puget Sound Energy,Primary General,118703.46,6065.47,75268.41,10201.07,85469.48
2024-10-04,DC_WA_04,West,Puget Sound Energy,Primary General,114801.79,5732.44,77124.84,8668.89,85793.72
2024-10-05,DC_WA_04,West,Puget Sound Energy,Primary General,118071.8,5729.25,90017.26,8608.07,98625.33
2024-10-06,DC_WA_04,West,Puget Sound Energy,Primary General,113766.33,6093.84,107623.13,11761.74,119384.88
2024-10-07,DC_WA_04,West,Puget Sound Energy,Primary General,113521.57,5937.06,107710.87,11397.32,119108.2
2024-10-08,DC_WA_04,West,Puget Sound Energy,Primary General,113691.9,5820.94,96737.17,11564.31,108301.48
2024-10-09,DC_WA_04,West,Puget Sound Energy,Primary General,120075.42,5962.11,73184.97,10378.76,83563.73
2024-10-10,DC_WA_04,West,Puget Sound Energy,Primary General,120078.2,5585.08,80097.04,9816.48,89913.52
2024-10-11,DC_WA_04,West,Puget Sound Energy,Primary General,119064.37,5589.49,102623.6,11261.37,113884.97
2024-10-12,DC_WA_04,West,Puget Sound Energy,Primary General,114629.89,5353.51,101807.9,7711.81,109519.72
2024-10-13,DC_WA_04,West,Puget Sound Energy,Primary General,119059.18,5920.48,101811.17,7778.8,109589.97
2024-10-14,DC_WA_04,West,Puget Sound Energy,Primary General,123202.48,6497.07,81877.55,11248.72,93126.27
2024-10-15,DC_WA_04,West,Puget Sound Energy,Primary General,114328.35,5287.03,69182.3,8331.56,77513.86
2024-10-16,DC_WA_04,West,Puget Sound Energy,Primary General,116194.49,5698.43,96206.6,12450.14,108656.74
2024-10-17,DC_WA_04,West,Puget Sound Energy,Primary General,123159.46,6373.86,114011.6,8082.36,122093.96
2024-10-18,DC_WA_04,West,Puget Sound Energy,Primary General,116605.16,5965.43,119197.52,8984.21,128181.72
2024-10-19,DC_WA_04,West,Puget Sound Energy,Primary General,116588.55,5614.84,68485.04,12420.6,80905.64
2024-10-20,DC_WA_04,West,Puget Sound Energy,Primary General,121891.09,6323.43,125175.59,12410.82,137586.41
2024-10-21,DC_WA_04,West,Puget Sound Energy,Primary General,125363.05,5814.0,99829.18,12673.2,112502.37
2024-10-22,DC_WA_04,West,Puget Sound Energy,Primary General,121572.01,5702.08,113242.55,11246.55,124489.1
2024-10-23,DC_WA_04,West,Puget Sound Energy,Primary General,124885.35,6180.92,92085.5,7742.57,99828.07
2024-10-24,DC_WA_04,West,Puget Sound Energy,Primary General,124008.02,6408.63,79728.57,10288.6,90017.16
2024-10-25,DC_WA_04,West,Puget Sound Energy,Primary General,119355.82,5936.98,101692.72,12702.77,114395.5
2024-10-26,DC_WA_04,West,Puget Sound Energy,Primary General,118117.38,5930.79,117314.26,7477.16,124791.42
2024-10-27,DC_WA_04,West,Puget Sound Energy,Primary General,118851.57,5920.66,103375.24,9242.4,112617.64
2024-10-28,DC_WA_04,West,Puget Sound Energy,Primary General,122653.65,6352.77,92276.14,9003.66,101279.79
2024-10-29,DC_WA_04,West,Puget Sound Energy,Primary General,116327.25,5967.11,100136.86,7211.11,107347.97
2024-10-30,DC_WA_04,West,Puget Sound Energy,Primary General,125494.69,6683.46,104759.46,10347.27,115106.73
2024-10-31,DC_WA_04,West,Puget Sound Energy,Primary General,116061.75,5968.25,83300.28,11729.55,95029.82
2024-11-01,DC_WA_04,West,Puget Sound Energy,Primary General,120404.57,6360.21,88695.93,12504.74,101200.67
2024-11-02,DC_WA_04,West,Puget Sound Energy,Primary General,122148.97,5794.43,111768.64,7951.16,119719.8
2024-11-03,DC_WA_04,West,Puget Sound Energy,Primary General,125613.46,6552.87,122865.24,7843.09,130708.33
2024-11-04,DC_WA_04,West,Puget Sound Energy,Primary General,121138.77,5897.84,75084.35,10578.3,85662.65
2024-11-05,DC_WA_04,West,Puget Sound Energy,Primary General,125211.94,6346.61,85716.44,8680.88,94397.32
2024-11-06,DC_WA_04,West,Puget Sound Energy,Primary General,118406.38,5483.2,102660.86,10584.34,113245.2
2024-11-07,DC_WA_04,West,Puget Sound Energy,Primary General,116549.77,5389.46,100006.64,10330.8,110337.43
2024-11-08,DC_WA_04,West,Puget Sound Energy,Primary General,120527.98,5875.35,83393.0,10825.5,94218.5
2024-11-09,DC_WA_04,West,Puget Sound Energy,Primary General,117035.28,6081.18,101227.63,10683.27,111910.91
2024-11-10,DC_WA_04,West,Puget Sound Energy,Primary General,126025.94,6485.33,96111.57,8858.88,104970.45
2024-11-11,DC_WA_04,West,Puget Sound Energy,Primary General,118647.7,5566.41,105031.54,11130.32,116161.86
2024-11-12,DC_WA_04,West,Puget Sound Energy,Primary General,129176.4,6596.98,84739.57,8939.66,93679.23
2024-11-13,DC_WA_04,West,Puget Sound Energy,Primary General,127542.76,6460.84,117921.38,11595.45,129516.84
2024-11-14,DC_WA_04,West,Puget Sound Energy,Primary General,126405.22,6672.57,119973.94,7939.6,127913.54
2024-11-15,DC_WA_04,West,Puget Sound Energy,Primary General,128457.29,6193.93,89894.3,11820.94,101715.24
2024-11-16,DC_WA_04,West,Puget Sound Energy,Primary General,130015.82,5995.27,79929.13,11570.06,91499.19
2024-11-17,DC_WA_04,West,Puget Sound Energy,Primary General,127187.28,6015.84,95982.56,9128.12,105110.69
2024-11-18,DC_WA_04,West,Puget Sound Energy,Primary General,129944.86,6185.07,111775.37,8733.85,120509.22
2024-11-19,DC_WA_04,West,Puget Sound Energy,Primary General,125004.32,6679.17,114664.2,8416.63,123080.83
2024-11-20,DC_WA_04,West,Puget Sound Energy,Primary General,121881.79,5745.47,96233.57,11477.79,107711.36
2024-11-21,DC_WA_04,West,Puget Sound Energy,Primary General,128656.88,6228.56,94946.77,10601.14,105547.92
2024-11-22,DC_WA_04,West,Puget Sound Energy,Primary General,131780.18,6360.86,94372.22,9849.36,104221.59
2024-11-23,DC_WA_04,West,Puget Sound Energy,Primary General,126747.0,6075.75,85822.87,13405.33,99228.21
2024-11-24,DC_WA_04,West,Puget Sound Energy,Primary General,131168.39,6124.99,117942.1,12176.12,130118.21
2024-11-25,DC_WA_04,West,Puget Sound Energy,Primary General,122229.77,6588.52,128909.1,10101.58,139010.67
2024-11-26,DC_WA_04,West,Puget Sound Energy,Primary General,128902.55,6231.99,89926.94,8947.79,98874.72
2024-11-27,DC_WA_04,West,Puget Sound Energy,Primary General,121745.76,5725.97,88085.81,7941.84,96027.66
2024-11-28,DC_WA_04,West,Puget Sound Energy,Primary General,130919.63,6154.73,105537.85,8708.25,114246.1
2024-11-29,DC_WA_04,West,Puget Sound Energy,Primary General,123555.19,5763.45,111752.4,8444.06,120196.46
2024-11-30,DC_WA_04,West,Puget Sound Energy,Primary General,131772.31,6428.36,104770.79,12227.29,116998.08
2024-12-01,DC_WA_04,West,Puget Sound Energy,Primary General,130190.8,6707.72,94772.17,11904.22,106676.39
2024-12-02,DC_WA_04,West,Puget Sound Energy,Primary General,122274.62,6068.46,100469.22,12783.65,113252.87
2024-12-03,DC_WA_04,West,Puget Sound Energy,Primary General,132714.1,7179.42,125885.49,9048.55,134934.05
2024-12-04,DC_WA_04,West,Puget Sound Energy,Primary General,130950.86,7071.3,123701.25,14310.32,138011.56
2024-12-05,DC_WA_04,West,Puget Sound Energy,Primary General,125665.68,6595.94,120346.77,8212.44,128559.2
2024-12-06,DC_WA_04,West,Puget Sound Energy,Primary General,134540.28,6595.65,101844.37,12314.71,114159.08
2024-12-07,DC_WA_04,West,Puget Sound Energy,Primary General,128701.35,6231.69,121451.94,12626.44,134078.37
2024-12-08,DC_WA_04,West,Puget Sound Energy,Primary General,135497.4,6407.65,114693.44,14056.12,128749.56
2024-12-09,DC_WA_04,West,Puget Sound Energy,Primary General,126834.89,5884.38,113554.85,9309.66,122864.52
2024-12-10,DC_WA_04,West,Puget Sound Energy,Primary General,132058.21,6846.18,121554.61,9621.45,131176.06
2024-12-11,DC_WA_04,West,Puget Sound Energy,Primary General,124434.89,6092.46,80230.19,11365.59,91595.78
2024-12-12,DC_WA_04,West,Puget Sound Energy,Primary General,135101.15,6456.74,98410.97,12512.27,110923.24
2024-12-13,DC_WA_04,West,Puget Sound Energy,Primary General,132411.3,6187.41,119271.8,8056.65,127328.45
2024-12-14,DC_WA_04,West,Puget Sound Energy,Primary General,128403.03,6762.21,92584.51,14120.16,106704.68
2024-12-15,DC_WA_04,West,Puget Sound Energy,Primary General,128618.25,6605.47,127660.69,13925.81,141586.5
2024-12-16,DC_WA_04,West,Puget Sound Energy,Primary General,132030.79,6926.24,137274.59,8817.98,146092.56
2024-12-17,DC_WA_04,West,Puget Sound Energy,Primary General,138417.87,6533.01,83630.64,10377.35,94007.99
2024-12-18,DC_WA_04,West,Puget Sound Energy,Primary General,129533.37,6817.73,86634.03,10222.23,96856.26
2024-12-19,DC_WA_04,West,Puget Sound Energy,Primary General,130748.4,7061.92,108254.21,11961.41,120215.62
2024-12-20,DC_WA_04,West,Puget Sound Energy,Primary General,128690.79,6955.93,99134.6,13003.23,112137.84
2024-12-21,DC_WA_04,West,Puget Sound Energy,Primary General,127680.86,5912.29,98416.85,8429.35,106846.2
2024-12-22,DC_WA_04,West,Puget Sound Energy,Primary General,139437.15,6968.07,108472.65,14243.12,122715.77
2024-12-23,DC_WA_04,West,Puget Sound Energy,Primary General,136787.53,7103.69,105771.97,9397.05,115169.03
2024-12-24,DC_WA_04,West,Puget Sound Energy,Primary General,136125.33,6319.27,102867.64,10628.26,113495.9
2024-12-25,DC_WA_04,West,Puget Sound Energy,Primary General,141248.92,7032.47,108697.64,14238.29,122935.94
2024-12-26,DC_WA_04,West,Puget Sound Energy,Primary General,138858.44,7053.33,107828.09,14487.07,122315.16
2024-12-27,DC_WA_04,West,Puget Sound Energy,Primary General,136561.54,6976.04,91766.29,11043.62,102809.91
2024-12-28,DC_WA_04,West,Puget Sound Energy,Primary General,129937.89,5973.54,82983.2,13471.53,96454.73
2024-12-29,DC_WA_04,West,Puget Sound Energy,Primary General,131818.32,6850.2,109934.42,10018.3,119952.71
2024-12-30,DC_WA_04,West,Puget Sound Energy,Primary General,131435.02,7075.31,133796.3,13482.48,147278.78
2024-12-31,DC_WA_04,West,Puget Sound Energy,Primary General,135046.69,7047.59,85057.06,9074.3,94131.36
2024-01-01,DC_IL_05,Midwest,ComEd,Large Load Service,122184.21,6063.79,73127.56,10495.72,83623.28
2024-01-02,DC_IL_05,Midwest,ComEd,Large Load Service,120465.31,6242.18,111471.3,9894.38,121365.68
2024-01-03,DC_IL_05,Midwest,ComEd,Large Load Service,118424.34,6230.25,85267.82,10589.69,95857.51
2024-01-04,DC_IL_05,Midwest,ComEd,Large Load Service,118731.17,6063.24,92919.22,12050.86,104970.07
2024-01-05,DC_IL_05,Midwest,ComEd,Large Load Service,119256.66,6327.57,98613.19,11146.13,109759.33
2024-01-06,DC_IL_05,Midwest,ComEd,Large Load Service,122331.01,5815.06,86469.63,11173.73,97643.36
2024-01-07,DC_IL_05,Midwest,ComEd,Large Load Service,128831.72,6420.31,106107.29,10859.78,116967.06
2024-01-08,DC_IL_05,Midwest,ComEd,Large Load Service,128142.9,6728.38,119425.94,10579.03,130004.97
2024-01-09,DC_IL_05,Midwest,ComEd,Large Load Service,124347.33,6209.46,97559.82,8656.54,106216.36
2024-01-10,DC_IL_05,Midwest,ComEd,Large Load Service,120411.43,6436.84,126278.57,9244.03,135522.6
2024-01-11,DC_IL_05,Midwest,ComEd,Large Load Service,124228.47,6347.6,82741.29,10826.14,93567.44
2024-01-12,DC_IL_05,Midwest,ComEd,Large Load Service,122545.12,5717.9,89056.26,11169.71,100225.97
2024-01-13,DC_IL_05,Midwest,ComEd,Large Load Service,127809.1,6092.73,92918.22,8720.2,101638.41
2024-01-14,DC_IL_05,Midwest,ComEd,Large Load Service,129934.0,6724.54,108521.84,10517.66,119039.5
2024-01-15,DC_IL_05,Midwest,ComEd,Large Load Service,119690.54,6467.85,92381.85,11169.57,103551.42
2024-01-16,DC_IL_05,Midwest,ComEd,Large Load Service,126221.2,5900.3,79053.82,13668.72,92722.55
2024-01-17,DC_IL_05,Midwest,ComEd,Large Load Service,127267.32,6093.4,110988.75,12202.14,123190.9
2024-01-18,DC_IL_05,Midwest,ComEd,Large Load Service,127852.97,6514.64,82273.49,13376.42,95649.91
2024-01-19,DC_IL_05,Midwest,ComEd,Large Load Service,123805.95,5930.6,89641.74,13544.46,103186.2
2024-01-20,DC_IL_05,Midwest,ComEd,Large Load Service,129131.63,6655.36,92589.29,9117.22,101706.51
2024-01-21,DC_IL_05,Midwest,ComEd,Large Load Service,123690.15,6092.9,74072.7,8870.59,82943.29
2024-01-22,DC_IL_05,Midwest,ComEd,Large Load Service,131522.11,7086.42,104227.49,10137.53,114365.02
2024-01-23,DC_IL_05,Midwest,ComEd,Large Load Service,120713.65,6217.0,81895.78,12224.91,94120.69
2024-01-24,DC_IL_05,Midwest,ComEd,Large Load Service,122898.55,6442.02,79616.15,11160.98,90777.13
2024-01-25,DC_IL_05,Midwest,ComEd,Large Load Service,129045.93,6246.81,113428.65,10121.88,123550.53
2024-01-26,DC_IL_05,Midwest,ComEd,Large Load Service,131709.24,6476.1,98771.48,14139.99,112911.47
2024-01-27,DC_IL_05,Midwest,ComEd,Large Load Service,131469.04,6555.79,126278.19,13788.03,140066.22
2024-01-28,DC_IL_05,Midwest,ComEd,Large Load Service,122949.77,6594.71,120884.26,12451.95,133336.21
2024-01-29,DC_IL_05,Midwest,ComEd,Large Load Service,124647.21,6549.3,93741.4,12777.17,106518.57
2024-01-30,DC_IL_05,Midwest,ComEd,Large Load Service,134560.41,6223.26,101443.21,9082.22,110525.43
2024-01-31,DC_IL_05,Midwest,ComEd,Large Load Service,129961.98,6655.3,130995.81,7907.99,138903.8
2024-02-01,DC_IL_05,Midwest,ComEd,Large Load Service,123343.74,5800.3,95907.24,7487.05,103394.3
2024-02-02,DC_IL_05,Midwest,ComEd,Large Load Service,135068.5,6940.21,84019.92,13659.87,97679.79
2024-02-03,DC_IL_05,Midwest,ComEd,Large Load Service,130257.95,6469.0,81365.22,11065.2,92430.43
2024-02-04,DC_IL_05,Midwest,ComEd,Large Load Service,132348.99,6621.0,105156.9,13004.27,118161.17
2024-02-05,DC_IL_05,Midwest,ComEd,Large Load Service,125624.89,6436.45,122158.41,8620.29,130778.7
2024-02-06,DC_IL_05,Midwest,ComEd,Large Load Service,131900.31,6218.22,100405.2,14260.65,114665.85
2024-02-07,DC_IL_05,Midwest,ComEd,Large Load Service,125077.96,6386.1,117692.9,9088.16,126781.06
2024-02-08,DC_IL_05,Midwest,ComEd,Large Load Service,135049.73,7291.5,114036.55,11491.85,125528.4
2024-02-09,DC_IL_05,Midwest,ComEd,Large Load Service,134442.56,6310.36,103300.55,11742.99,115043.54
2024-02-10,DC_IL_05,Midwest,ComEd,Large Load Service,125953.99,6211.61,117084.14,12930.97,130015.11
2024-02-11,DC_IL_05,Midwest,ComEd,Large Load Service,126298.1,5884.15,111787.75,9236.78,121024.53
2024-02-12,DC_IL_05,Midwest,ComEd,Large Load Service,126902.76,6577.79,111724.43,8256.08,119980.51
2024-02-13,DC_IL_05,Midwest,ComEd,Large Load Service,130113.77,6818.95,116696.93,9327.14,126024.07
2024-02-14,DC_IL_05,Midwest,ComEd,Large Load Service,128736.7,6666.05,86754.75,13347.92,100102.67
2024-02-15,DC_IL_05,Midwest,ComEd,Large Load Service,137302.8,6972.21,107513.78,9110.8,116624.58
2024-02-16,DC_IL_05,Midwest,ComEd,Large Load Service,128161.36,6622.04,85069.21,12552.56,97621.77
2024-02-17,DC_IL_05,Midwest,ComEd,Large Load Service,132952.53,6996.21,112695.98,14200.41,126896.39
2024-02-18,DC_IL_05,Midwest,ComEd,Large Load Service,139071.22,6994.92,131403.98,11085.3,142489.28
2024-02-19,DC_IL_05,Midwest,ComEd,Large Load Service,133190.81,6628.35,124442.58,11256.7,135699.29
2024-02-20,DC_IL_05,Midwest,ComEd,Large Load Service,137918.08,6785.02,108122.13,10573.49,118695.62
2024-02-21,DC_IL_05,Midwest,ComEd,Large Load Service,134660.01,6439.37,102333.6,13425.3,115758.9
2024-02-22,DC_IL_05,Midwest,ComEd,Large Load Service,131662.58,6151.74,120538.68,9472.1,130010.78
2024-02-23,DC_IL_05,Midwest,ComEd,Large Load Service,131465.78,6210.51,89783.47,10916.08,100699.55
2024-02-24,DC_IL_05,Midwest,ComEd,Large Load Service,128029.25,6212.77,101974.61,11164.85,113139.45
2024-02-25,DC_IL_05,Midwest,ComEd,Large Load Service,132530.84,6568.34,98648.53,14349.9,112998.43
2024-02-26,DC_IL_05,Midwest,ComEd,Large Load Service,131390.12,6288.62,113674.17,10890.69,124564.86
2024-02-27,DC_IL_05,Midwest,ComEd,Large Load Service,130864.36,6771.46,103951.87,7990.25,111942.12
2024-02-28,DC_IL_05,Midwest,ComEd,Large Load Service,138732.9,6750.2,92071.65,12234.42,104306.06
2024-02-29,DC_IL_05,Midwest,ComEd,Large Load Service,138456.9,6406.26,87032.72,14209.43,101242.15
2024-03-01,DC_IL_05,Midwest,ComEd,Large Load Service,140427.23,6848.79,99675.89,13499.86,113175.75
2024-03-02,DC_IL_05,Midwest,ComEd,Large Load Service,141031.55,6612.78,105435.73,9720.74,115156.47
2024-03-03,DC_IL_05,Midwest,ComEd,Large Load Service,130024.91,6171.83,122275.73,13937.15,136212.88
2024-03-04,DC_IL_05,Midwest,ComEd,Large Load Service,134181.27,7182.37,101687.59,11706.14,113393.73
2024-03-05,DC_IL_05,Midwest,ComEd,Large Load Service,138776.86,7122.61,100573.93,15190.0,115763.93
2024-03-06,DC_IL_05,Midwest,ComEd,Large Load Service,138524.98,6409.12,77110.3,9098.64,86208.94
2024-03-07,DC_IL_05,Midwest,ComEd,Large Load Service,143146.14,7517.88,120871.11,14219.59,135090.69
2024-03-08,DC_IL_05,Midwest,ComEd,Large Load Service,133759.33,6299.24,94537.61,9929.45,104467.06
2024-03-09,DC_IL_05,Midwest,ComEd,Large Load Service,140138.49,7053.24,85656.21,8951.23,94607.44
2024-03-10,DC_IL_05,Midwest,ComEd,Large Load Service,131341.84,6469.13,110617.1,14008.87,124625.98
2024-03-11,DC_IL_05,Midwest,ComEd,Large Load Service,141055.31,7013.24,90240.79,11014.06,101254.85
2024-03-12,DC_IL_05,Midwest,ComEd,Large Load Service,142213.22,7446.24,119870.15,9728.22,129598.37
2024-03-13,DC_IL_05,Midwest,ComEd,Large Load Service,137022.03,6993.94,116366.33,14703.74,131070.07
2024-03-14,DC_IL_05,Midwest,ComEd,Large Load Service,137878.65,6377.26,86085.18,8706.4,94791.57
2024-03-15,DC_IL_05,Midwest,ComEd,Large Load Service,131027.62,6817.1,89225.23,12600.47,101825.7
2024-03-16,DC_IL_05,Midwest,ComEd,Large Load Service,142201.82,6701.01,93759.25,10673.49,104432.75
2024-03-17,DC_IL_05,Midwest,ComEd,Large Load Service,135940.37,6519.09,99476.55,11479.83,110956.38
2024-03-18,DC_IL_05,Midwest,ComEd,Large Load Service,144521.4,6691.25,83122.79,9698.7,92821.49
2024-03-19,DC_IL_05,Midwest,ComEd,Large Load Service,139664.86,6464.75,104053.41,14220.95,118274.37
2024-03-20,DC_IL_05,Midwest,ComEd,Large Load Service,138411.8,6991.64,94957.05,9486.84,104443.89
2024-03-21,DC_IL_05,Midwest,ComEd,Large Load Service,135642.27,6887.8,89063.72,9563.58,98627.3
2024-03-22,DC_IL_05,Midwest,ComEd,Large Load Service,144747.09,6660.76,121920.36,14494.23,136414.59
2024-03-23,DC_IL_05,Midwest,ComEd,Large Load Service,135541.3,6365.5,111902.03,9119.41,121021.44
2024-03-24,DC_IL_05,Midwest,ComEd,Large Load Service,140419.1,7351.81,128917.11,15007.16,143924.27
2024-03-25,DC_IL_05,Midwest,ComEd,Large Load Service,133766.05,6402.31,87548.11,13658.81,101206.92
2024-03-26,DC_IL_05,Midwest,ComEd,Large Load Service,132695.83,6859.58,132803.63,10632.43,143436.06
2024-03-27,DC_IL_05,Midwest,ComEd,Large Load Service,140789.93,6558.96,92274.4,15119.83,107394.23
2024-03-28,DC_IL_05,Midwest,ComEd,Large Load Service,136527.05,6715.15,107255.23,8541.3,115796.53
2024-03-29,DC_IL_05,Midwest,ComEd,Large Load Service,133632.38,6571.34,119484.83,10361.25,129846.08
2024-03-30,DC_IL_05,Midwest,ComEd,Large Load Service,143148.29,6743.97,101070.7,11212.46,112283.15
2024-03-31,DC_IL_05,Midwest,ComEd,Large Load Service,134159.88,7041.66,95224.82,12793.68,108018.49
2024-04-01,DC_IL_05,Midwest,ComEd,Large Load Service,137217.53,6410.12,83145.54,12543.1,95688.64
2024-04-02,DC_IL_05,Midwest,ComEd,Large Load Service,145893.81,7635.94,126974.29,11600.3,138574.59
2024-04-03,DC_IL_05,Midwest,ComEd,Large Load Service,144916.44,7311.15,109883.92,9959.37,119843.3
2024-04-04,DC_IL_05,Midwest,ComEd,Large Load Service,144023.38,7374.25,139628.32,13327.38,152955.7
2024-04-05,DC_IL_05,Midwest,ComEd,Large Load Service,144783.69,7745.68,126665.12,9373.65,136038.78
2024-04-06,DC_IL_05,Midwest,ComEd,Large Load Service,142693.94,7440.21,99210.02,12890.37,112100.39
2024-04-07,DC_IL_05,Midwest,ComEd,Large Load Service,143531.27,7439.84,116883.41,9230.04,126113.44
2024-04-08,DC_IL_05,Midwest,ComEd,Large Load Service,134879.38,6561.29,99748.98,8214.7,107963.68
2024-04-09,DC_IL_05,Midwest,ComEd,Large Load Service,140156.07,7147.47,133588.61,13058.97,146647.58
2024-04-10,DC_IL_05,Midwest,ComEd,Large Load Service,135523.19,6347.55,84123.42,13901.54,98024.96
2024-04-11,DC_IL_05,Midwest,ComEd,Large Load Service,146144.17,7724.37,153339.44,12428.66,165768.1
2024-04-12,DC_IL_05,Midwest,ComEd,Large Load Service,133926.22,6476.52,95852.88,12309.32,108162.2
2024-04-13,DC_IL_05,Midwest,ComEd,Large Load Service,145543.77,6750.35,112912.66,12730.8,125643.46
2024-04-14,DC_IL_05,Midwest,ComEd,Large Load Service,141713.84,6797.15,127442.71,11086.04,138528.75
2024-04-15,DC_IL_05,Midwest,ComEd,Large Load Service,135336.71,7135.48,129134.33,11927.6,141061.93
2024-04-16,DC_IL_05,Midwest,ComEd,Large Load Service,142586.65,6781.79,128459.23,12610.45,141069.69
2024-04-17,DC_IL_05,Midwest,ComEd,Large Load Service,138662.61,7472.29,98202.91,11455.02,109657.94
2024-04-18,DC_IL_05,Midwest,ComEd,Large Load Service,138068.77,7423.15,140630.08,10491.3,151121.38
2024-04-19,DC_IL_05,Midwest,ComEd,Large Load Service,144933.46,7065.73,125745.03,9299.35,135044.38
2024-04-20,DC_IL_05,Midwest,ComEd,Large Load Service,136974.15,7171.65,113901.12,11250.06,125151.18
2024-04-21,DC_IL_05,Midwest,ComEd,Large Load Service,143476.18,7033.16,105564.36,11787.48,117351.84
2024-04-22,DC_IL_05,Midwest,ComEd,Large Load Service,137732.44,6916.4,103013.91,13833.84,116847.76
2024-04-23,DC_IL_05,Midwest,ComEd,Large Load Service,139906.57,7194.38,102305.36,10279.21,112584.58
2024-04-24,DC_IL_05,Midwest,ComEd,Large Load Service,145596.59,7551.04,129740.25,12937.62,142677.86
2024-04-25,DC_IL_05,Midwest,ComEd,Large Load Service,132957.69,6778.74,110940.84,11364.62,122305.46
2024-04-26,DC_IL_05,Midwest,ComEd,Large Load Service,137537.35,6397.18,125422.77,9581.81,135004.58
2024-04-27,DC_IL_05,Midwest,ComEd,Large Load Service,138194.73,6871.37,84521.47,8655.89,93177.36
2024-04-28,DC_IL_05,Midwest,ComEd,Large Load Service,142462.56,7168.35,99962.66,12171.33,112133.99
2024-04-29,DC_IL_05,Midwest,ComEd,Large Load Service,142808.82,6745.62,105809.72,9924.75,115734.47
2024-04-30,DC_IL_05,Midwest,ComEd,Large Load Service,136378.05,6531.9,112399.43,12582.5,124981.93
2024-05-01,DC_IL_05,Midwest,ComEd,Large Load Service,143833.21,7093.02,100645.28,9155.6,109800.87
2024-05-02,DC_IL_05,Midwest,ComEd,Large Load Service,145949.59,7414.55,89411.08,13936.27,103347.35
2024-05-03,DC_IL_05,Midwest,ComEd,Large Load Service,139467.42,6435.87,124638.2,12337.5,136975.7
2024-05-04,DC_IL_05,Midwest,ComEd,Large Load Service,145678.31,7333.15,143437.34,12078.22,155515.56
2024-05-05,DC_IL_05,Midwest,ComEd,Large Load Service,141517.3,6562.75,91366.29,11786.45,103152.74
2024-05-06,DC_IL_05,Midwest,ComEd,Large Load Service,138621.78,6879.64,102191.35,12352.2,114543.56
2024-05-07,DC_IL_05,Midwest,ComEd,Large Load Service,134311.78,6719.75,116333.0,13634.01,129967.01
2024-05-08,DC_IL_05,Midwest,ComEd,Large Load Service,136665.28,7329.27,100226.23,14433.27,114659.5
2024-05-09,DC_IL_05,Midwest,ComEd,Large Load Service,132445.47,6888.61,136001.23,13427.39,149428.62
2024-05-10,DC_IL_05,Midwest,ComEd,Large Load Service,144176.41,7329.61,89587.83,12471.64,102059.47
2024-05-11,DC_IL_05,Midwest,ComEd,Large Load Service,135176.62,6713.34,110488.22,12358.55,122846.77
2024-05-12,DC_IL_05,Midwest,ComEd,Large Load Service,141973.87,6838.13,86879.41,12528.86,99408.27
2024-05-13,DC_IL_05,Midwest,ComEd,Large Load Service,137332.11,7152.9,142522.51,13001.24,155523.75
2024-05-14,DC_IL_05,Midwest,ComEd,Large Load Service,135367.59,6766.34,105046.2,10352.44,115398.64
2024-05-15,DC_IL_05,Midwest,ComEd,Large Load Service,143292.58,7384.59,100637.9,14919.92,115557.82
2024-05-16,DC_IL_05,Midwest,ComEd,Large Load Service,143424.84,6645.07,97234.54,14977.85,112212.39
2024-05-17,DC_IL_05,Midwest,ComEd,Large Load Service,135606.61,6793.99,84124.9,14514.59,98639.49
2024-05-18,DC_IL_05,Midwest,ComEd,Large Load Service,136031.12,7205.76,97949.78,10855.65,108805.43
2024-05-19,DC_IL_05,Midwest,ComEd,Large Load Service,136933.97,6716.1,121531.03,14483.62,136014.64
2024-05-20,DC_IL_05,Midwest,ComEd,Large Load Service,137939.61,7458.36,92975.2,11485.39,104460.59
2024-05-21,DC_IL_05,Midwest,ComEd,Large Load Service,134488.9,6652.8,130265.22,9124.42,139389.64
2024-05-22,DC_IL_05,Midwest,ComEd,Large Load Service,141329.44,6793.57,120732.62,12654.67,133387.29
2024-05-23,DC_IL_05,Midwest,ComEd,Large Load Service,143615.33,7637.51,138981.37,12316.39,151297.77
2024-05-24,DC_IL_05,Midwest,ComEd,Large Load Service,138286.89,6975.08,90739.52,9090.58,99830.1
2024-05-25,DC_IL_05,Midwest,ComEd,Large Load Service,137722.99,6620.87,117737.1,8408.24,126145.35
2024-05-26,DC_IL_05,Midwest,ComEd,Large Load Service,130785.37,6643.11,131204.83,11373.05,142577.89
2024-05-27,DC_IL_05,Midwest,ComEd,Large Load Service,136863.04,6345.43,118842.07,11987.07,130829.14
2024-05-28,DC_IL_05,Midwest,ComEd,Large Load Service,143761.64,7104.63,136787.09,10928.03,147715.12
2024-05-29,DC_IL_05,Midwest,ComEd,Large Load Service,132607.36,6757.92,83316.14,10646.48,93962.62
2024-05-30,DC_IL_05,Midwest,ComEd,Large Load Service,134617.51,6467.51,126700.54,12695.04,139395.58
2024-05-31,DC_IL_05,Midwest,ComEd,Large Load Service,133408.07,7016.67,114406.59,8373.76,122780.35
2024-06-01,DC_IL_05,Midwest,ComEd,Large Load Service,130585.09,7001.57,120872.35,12838.81,133711.16
2024-06-02,DC_IL_05,Midwest,ComEd,Large Load Service,140726.45,7209.32,127689.08,15261.39,142950.48
2024-06-03,DC_IL_05,Midwest,ComEd,Large Load Service,141958.87,7118.21,115495.96,9348.45,124844.41
2024-06-04,DC_IL_05,Midwest,ComEd,Large Load Service,130962.78,6649.08,112905.43,11017.2,123922.62
2024-06-05,DC_IL_05,Midwest,ComEd,Large Load Service,129241.14,6133.4,120239.3,10929.47,131168.77
2024-06-06,DC_IL_05,Midwest,ComEd,Large Load Service,134178.47,6624.36,111490.24,12845.55,124335.79
2024-06-07,DC_IL_05,Midwest,ComEd,Large Load Service,132888.93,6545.68,129134.37,9419.83,138554.2
2024-06-08,DC_IL_05,Midwest,ComEd,Large Load Service,130467.48,6384.03,87935.15,7996.61,95931.76
2024-06-09,DC_IL_05,Midwest,ComEd,Large Load Service,139120.66,6609.59,104402.67,8904.16,113306.84
2024-06-10,DC_IL_05,Midwest,ComEd,Large Load Service,128553.34,5982.84,108718.82,12904.35,121623.17
2024-06-11,DC_IL_05,Midwest,ComEd,Large Load Service,140633.73,7447.16,92483.77,13241.9,105725.67
2024-06-12,DC_IL_05,Midwest,ComEd,Large Load Service,138692.43,7333.95,117840.72,13862.88,131703.6
2024-06-13,DC_IL_05,Midwest,ComEd,Large Load Service,131126.81,6933.69,137606.64,12635.14,150241.78
2024-06-14,DC_IL_05,Midwest,ComEd,Large Load Service,129938.39,6199.86,113707.47,9172.34,122879.81
2024-06-15,DC_IL_05,Midwest,ComEd,Large Load Service,130208.51,6040.22,73681.86,14313.57,87995.43
2024-06-16,DC_IL_05,Midwest,ComEd,Large Load Service,138762.02,6782.42,111482.36,14164.93,125647.29
2024-06-17,DC_IL_05,Midwest,ComEd,Large Load Service,139489.86,7469.91,94145.45,8432.85,102578.29
2024-06-18,DC_IL_05,Midwest,ComEd,Large Load Service,130601.72,6714.36,105278.05,13636.6,118914.65
2024-06-19,DC_IL_05,Midwest,ComEd,Large Load Service,135217.41,6409.87,126521.99,13555.32,140077.31
2024-06-20,DC_IL_05,Midwest,ComEd,Large Load Service,130533.87,6521.07,107422.11,8394.09,115816.2
2024-06-21,DC_IL_05,Midwest,ComEd,Large Load Service,133501.96,6279.53,92138.49,10960.95,103099.44
2024-06-22,DC_IL_05,Midwest,ComEd,Large Load Service,133593.81,6775.05,122547.39,8072.38,130619.77
2024-06-23,DC_IL_05,Midwest,ComEd,Large Load Service,135976.09,6647.29,119913.5,8518.47,128431.97
2024-06-24,DC_IL_05,Midwest,ComEd,Large Load Service,139029.28,6650.41,89584.36,10590.73,100175.09
2024-06-25,DC_IL_05,Midwest,ComEd,Large Load Service,133834.19,6306.76,110848.26,10413.6,121261.86
2024-06-26,DC_IL_05,Midwest,ComEd,Large Load Service,133445.09,6546.0,107988.56,10810.72,118799.28
2024-06-27,DC_IL_05,Midwest,ComEd,Large Load Service,125936.02,5854.46,73901.05,13105.27,87006.32
2024-06-28,DC_IL_05,Midwest,ComEd,Large Load Service,135053.14,7225.39,108120.18,9931.02,118051.2
2024-06-29,DC_IL_05,Midwest,ComEd,Large Load Service,133061.55,7076.33,126783.18,14250.26,141033.44
2024-06-30,DC_IL_05,Midwest,ComEd,Large Load Service,126528.42,6504.78,102551.78,10187.46,112739.24
2024-07-01,DC_IL_05,Midwest,ComEd,Large Load Service,125874.78,5969.68,93316.02,12527.77,105843.79
2024-07-02,DC_IL_05,Midwest,ComEd,Large Load Service,129039.9,6327.28,113840.32,13254.98,127095.29
2024-07-03,DC_IL_05,Midwest,ComEd,Large Load Service,128490.47,6014.96,116486.07,9328.4,125814.47
2024-07-04,DC_IL_05,Midwest,ComEd,Large Load Service,132388.66,6656.37,99367.79,11891.11,111258.89
2024-07-05,DC_IL_05,Midwest,ComEd,Large Load Service,135178.09,6785.14,88427.43,8899.77,97327.2
2024-07-06,DC_IL_05,Midwest,ComEd,Large Load Service,131466.37,7051.6,133672.54,9914.88,143587.42
2024-07-07,DC_IL_05,Midwest,ComEd,Large Load Service,134271.77,6431.41,82417.07,8300.28,90717.35
2024-07-08,DC_IL_05,Midwest,ComEd,Large Load Service,133635.85,6347.33,101643.64,10498.91,112142.55
2024-07-09,DC_IL_05,Midwest,ComEd,Large Load Service,133426.47,6241.28,99115.17,10716.59,109831.76
2024-07-10,DC_IL_05,Midwest,ComEd,Large Load Service,130850.79,6889.69,127201.89,8974.26,136176.15
2024-07-11,DC_IL_05,Midwest,ComEd,Large Load Service,132663.82,6694.96,102407.02,12599.93,115006.96
2024-07-12,DC_IL_05,Midwest,ComEd,Large Load Service,125288.22,6437.48,110177.48,10804.06,120981.54
2024-07-13,DC_IL_05,Midwest,ComEd,Large Load Service,127721.24,6819.11,86488.25,11414.26,97902.5
2024-07-14,DC_IL_05,Midwest,ComEd,Large Load Service,129009.98,6726.1,107326.92,12863.16,120190.09
2024-07-15,DC_IL_05,Midwest,ComEd,Large Load Service,134609.84,6469.87,124148.96,10840.12,134989.09
2024-07-16,DC_IL_05,Midwest,ComEd,Large Load Service,134460.84,6931.13,88096.01,13842.61,101938.62
2024-07-17,DC_IL_05,Midwest,ComEd,Large Load Service,133889.35,6494.33,90368.26,9227.2,99595.46
2024-07-18,DC_IL_05,Midwest,ComEd,Large Load Service,127955.84,6132.49,80211.89,9728.28,89940.17
2024-07-19,DC_IL_05,Midwest,ComEd,Large Load Service,126228.4,6387.46,94366.67,10362.43,104729.1
2024-07-20,DC_IL_05,Midwest,ComEd,Large Load Service,131868.14,7025.84,102970.69,12901.91,115872.59
2024-07-21,DC_IL_05,Midwest,ComEd,Large Load Service,131681.16,6202.16,91575.01,8758.89,100333.9
2024-07-22,DC_IL_05,Midwest,ComEd,Large Load Service,132333.4,6336.95,82720.47,8358.53,91079.0
2024-07-23,DC_IL_05,Midwest,ComEd,Large Load Service,132828.28,6789.5,111635.43,9651.31,121286.74
2024-07-24,DC_IL_05,Midwest,ComEd,Large Load Service,128427.82,6587.74,124608.64,9203.06,133811.7
2024-07-25,DC_IL_05,Midwest,ComEd,Large Load Service,125483.79,6477.19,97036.49,7630.2,104666.68
2024-07-26,DC_IL_05,Midwest,ComEd,Large Load Service,125876.89,6339.46,116145.54,8010.4,124155.94
2024-07-27,DC_IL_05,Midwest,ComEd,Large Load Service,124020.58,6384.0,105304.16,12421.98,117726.14
2024-07-28,DC_IL_05,Midwest,ComEd,Large Load Service,130545.25,6703.35,123816.64,10153.35,133969.99
2024-07-29,DC_IL_05,Midwest,ComEd,Large Load Service,124714.46,6309.73,94845.69,12130.96,106976.65
2024-07-30,DC_IL_05,Midwest,ComEd,Large Load Service,124675.59,6191.54,120359.69,12579.54,132939.23
2024-07-31,DC_IL_05,Midwest,ComEd,Large Load Service,127614.14,6552.42,83794.78,13420.37,97215.15
2024-08-01,DC_IL_05,Midwest,ComEd,Large Load Service,123500.58,6390.02,120491.75,12496.68,132988.44
2024-08-02,DC_IL_05,Midwest,ComEd,Large Load Service,125685.39,5854.15,81055.88,10292.26,91348.14
2024-08-03,DC_IL_05,Midwest,ComEd,Large Load Service,123980.47,6480.32,120667.81,7907.02,128574.83
2024-08-04,DC_IL_05,Midwest,ComEd,Large Load Service,125574.43,6379.25,93767.75,8097.37,101865.12
2024-08-05,DC_IL_05,Midwest,ComEd,Large Load Service,121171.91,6524.65,102287.29,12161.19,114448.48
2024-08-06,DC_IL_05,Midwest,ComEd,Large Load Service,122736.53,6580.17,87436.43,9478.92,96915.35
2024-08-07,DC_IL_05,Midwest,ComEd,Large Load Service,126893.09,6813.92,94747.55,7637.89,102385.44
2024-08-08,DC_IL_05,Midwest,ComEd,Large Load Service,131493.2,6214.24,102917.18,8634.13,111551.31
2024-08-09,DC_IL_05,Midwest,ComEd,Large Load Service,130399.47,6495.1,113231.49,14308.5,127540.0
2024-08-10,DC_IL_05,Midwest,ComEd,Large Load Service,120369.0,6512.8,93127.93,9677.03,102804.96
2024-08-11,DC_IL_05,Midwest,ComEd,Large Load Service,126331.37,6110.55,73396.44,8126.0,81522.43
2024-08-12,DC_IL_05,Midwest,ComEd,Large Load Service,124854.65,6593.22,131822.66,11064.09,142886.75
2024-08-13,DC_IL_05,Midwest,ComEd,Large Load Service,122700.39,5910.53,78684.04,8342.09,87026.13
2024-08-14,DC_IL_05,Midwest,ComEd,Large Load Service,122569.99,6427.61,127271.18,12905.13,140176.31
2024-08-15,DC_IL_05,Midwest,ComEd,Large Load Service,121800.94,6477.07,83571.81,9307.15,92878.96
2024-08-16,DC_IL_05,Midwest,ComEd,Large Load Service,129671.62,6630.66,102368.39,8848.34,111216.73
2024-08-17,DC_IL_05,Midwest,ComEd,Large Load Service,122282.65,6355.43,126563.58,10109.21,136672.79
2024-08-18,DC_IL_05,Midwest,ComEd,Large Load Service,119280.9,5819.93,93264.76,10030.93,103295.69
2024-08-19,DC_IL_05,Midwest,ComEd,Large Load Service,122445.0,6356.16,124007.14,12702.12,136709.26
2024-08-20,DC_IL_05,Midwest,ComEd,Large Load Service,128448.36,6797.68,126485.15,11242.73,137727.89
2024-08-21,DC_IL_05,Midwest,ComEd,Large Load Service,122105.48,6001.97,94465.62,9261.17,103726.79
2024-08-22,DC_IL_05,Midwest,ComEd,Large Load Service,121794.51,6558.24,83842.88,9212.81,93055.69
2024-08-23,DC_IL_05,Midwest,ComEd,Large Load Service,124710.17,5775.22,79438.86,8171.9,87610.76
2024-08-24,DC_IL_05,Midwest,ComEd,Large Load Service,123849.97,6123.61,109709.32,12383.09,122092.4
2024-08-25,DC_IL_05,Midwest,ComEd,Large Load Service,123297.39,5994.0,109042.69,9348.83,118391.52
2024-08-26,DC_IL_05,Midwest,ComEd,Large Load Service,118574.95,5447.35,86161.74,11831.08,97992.82
2024-08-27,DC_IL_05,Midwest,ComEd,Large Load Service,119481.87,5710.8,107797.22,12739.78,120537.0
2024-08-28,DC_IL_05,Midwest,ComEd,Large Load Service,126591.47,6310.82,124966.63,10888.91,135855.54
2024-08-29,DC_IL_05,Midwest,ComEd,Large Load Service,129694.7,6177.0,83870.96,13041.48,96912.44
2024-08-30,DC_IL_05,Midwest,ComEd,Large Load Service,120310.4,6192.07,120450.32,9654.92,130105.24
2024-08-31,DC_IL_05,Midwest,ComEd,Large Load Service,118709.62,5946.88,114375.86,12574.44,126950.3
2024-09-01,DC_IL_05,Midwest,ComEd,Large Load Service,119489.97,5841.7,77549.54,10868.34,88417.87
2024-09-02,DC_IL_05,Midwest,ComEd,Large Load Service,129474.8,6921.24,89763.2,8849.28,98612.48
2024-09-03,DC_IL_05,Midwest,ComEd,Large Load Service,118509.61,6329.84,97038.2,8257.89,105296.09
2024-09-04,DC_IL_05,Midwest,ComEd,Large Load Service,122956.22,6249.26,86327.73,7818.39,94146.11
2024-09-05,DC_IL_05,Midwest,ComEd,Large Load Service,128875.67,6882.4,83657.03,12767.01,96424.04
2024-09-06,DC_IL_05,Midwest,ComEd,Large Load Service,121368.34,6197.83,119473.76,8952.07,128425.83
2024-09-07,DC_IL_05,Midwest,ComEd,Large Load Service,125121.67,5809.72,114231.47,13194.12,127425.59
2024-09-08,DC_IL_05,Midwest,ComEd,Large Load Service,118223.33,5943.05,89993.86,8886.64,98880.5
2024-09-09,DC_IL_05,Midwest,ComEd,Large Load Service,119453.55,6050.39,96955.03,12888.91,109843.94
2024-09-10,DC_IL_05,Midwest,ComEd,Large Load Service,118235.51,6030.01,113650.06,9105.45,122755.51
2024-09-11,DC_IL_05,Midwest,ComEd,Large Load Service,122554.2,5814.01,105524.97,8524.29,114049.26
2024-09-12,DC_IL_05,Midwest,ComEd,Large Load Service,120450.92,6290.78,91678.67,8467.02,100145.7
2024-09-13,DC_IL_05,Midwest,ComEd,Large Load Service,122902.56,6599.04,90109.78,13099.76,103209.54
2024-09-14,DC_IL_05,Midwest,ComEd,Large Load Service,121569.6,5723.29,89767.91,10394.11,100162.02
2024-09-15,DC_IL_05,Midwest,ComEd,Large Load Service,128253.5,6872.26,109501.86,10154.9,119656.76
2024-09-16,DC_IL_05,Midwest,ComEd,Large Load Service,128195.13,6737.41,98099.9,7715.14,105815.05
2024-09-17,DC_IL_05,Midwest,ComEd,Large Load Service,122345.96,5841.73,71866.58,8561.6,80428.18
2024-09-18,DC_IL_05,Midwest,ComEd,Large Load Service,125083.85,6006.64,83178.98,7832.42,91011.4
2024-09-19,DC_IL_05,Midwest,ComEd,Large Load Service,127048.46,6724.56,103077.82,10691.55,113769.37
2024-09-20,DC_IL_05,Midwest,ComEd,Large Load Service,129232.05,6139.13,88004.05,9145.49,97149.54
2024-09-21,DC_IL_05,Midwest,ComEd,Large Load Service,119318.7,5845.99,98930.35,12593.1,111523.45
2024-09-22,DC_IL_05,Midwest,ComEd,Large Load Service,122290.16,6557.21,89717.12,7633.74,97350.86
2024-09-23,DC_IL_05,Midwest,ComEd,Large Load Service,124214.73,6330.35,96375.17,7698.56,104073.74
2024-09-24,DC_IL_05,Midwest,ComEd,Large Load Service,125271.79,6470.36,94237.62,11513.35,105750.97
2024-09-25,DC_IL_05,Midwest,ComEd,Large Load Service,118445.35,5850.32,114555.14,7869.24,122424.38
2024-09-26,DC_IL_05,Midwest,ComEd,Large Load Service,123194.45,5972.12,95455.86,12111.89,107567.75
2024-09-27,DC_IL_05,Midwest,ComEd,Large Load Service,121195.42,6374.85,110820.75,12526.47,123347.22
2024-09-28,DC_IL_05,Midwest,ComEd,Large Load Service,117988.62,5964.64,78089.24,11582.32,89671.56
2024-09-29,DC_IL_05,Midwest,ComEd,Large Load Service,120282.28,6397.51,115294.73,7337.95,122632.68
2024-09-30,DC_IL_05,Midwest,ComEd,Large Load Service,123365.91,6113.57,113438.51,7445.73,120884.24
2024-10-01,DC_IL_05,Midwest,ComEd,Large Load Service,122013.15,6142.11,108230.29,11452.77,119683.06
2024-10-02,DC_IL_05,Midwest,ComEd,Large Load Service,129454.79,6506.55,127721.14,10354.57,138075.71
2024-10-03,DC_IL_05,Midwest,ComEd,Large Load Service,125635.35,6070.44,113762.67,8332.54,122095.21
2024-10-04,DC_IL_05,Midwest,ComEd,Large Load Service,122236.49,6275.29,85290.15,10211.74,95501.89
2024-10-05,DC_IL_05,Midwest,ComEd,Large Load Service,125279.58,5805.33,95050.26,10105.94,105156.2
2024-10-06,DC_IL_05,Midwest,ComEd,Large Load Service,123302.73,6420.65,116662.9,12502.43,129165.34
2024-10-07,DC_IL_05,Midwest,ComEd,Large Load Service,118451.38,5620.65,109482.16,10285.18,119767.34
2024-10-08,DC_IL_05,Midwest,ComEd,Large Load Service,128426.69,6787.92,104775.54,9652.6,114428.14
2024-10-09,DC_IL_05,Midwest,ComEd,Large Load Service,123990.2,5845.49,114426.75,7632.02,122058.76
2024-10-10,DC_IL_05,Midwest,ComEd,Large Load Service,121221.88,5798.39,112651.57,7778.68,120430.25
2024-10-11,DC_IL_05,Midwest,ComEd,Large Load Service,125540.03,6451.75,95259.84,13254.37,108514.21
2024-10-12,DC_IL_05,Midwest,ComEd,Large Load Service,126163.81,5823.3,108604.36,8748.03,117352.38
2024-10-13,DC_IL_05,Midwest,ComEd,Large Load Service,128083.67,6244.76,101592.56,10098.18,111690.74
2024-10-14,DC_IL_05,Midwest,ComEd,Large Load Service,118625.69,5675.49,79478.82,8352.62,87831.44
2024-10-15,DC_IL_05,Midwest,ComEd,Large Load Service,128803.62,6203.69,99470.65,8961.65,108432.3
2024-10-16,DC_IL_05,Midwest,ComEd,Large Load Service,129673.0,6204.15,92139.31,8289.58,100428.89
2024-10-17,DC_IL_05,Midwest,ComEd,Large Load Service,128322.38,6470.33,127314.89,12939.99,140254.87
2024-10-18,DC_IL_05,Midwest,ComEd,Large Load Service,129016.12,6562.41,80852.5,10923.42,91775.92
2024-10-19,DC_IL_05,Midwest,ComEd,Large Load Service,131555.22,6450.02,111802.56,8894.63,120697.2
2024-10-20,DC_IL_05,Midwest,ComEd,Large Load Service,122902.77,6232.99,97021.74,10979.94,108001.68
2024-10-21,DC_IL_05,Midwest,ComEd,Large Load Service,129977.35,6244.29,101791.57,10714.25,112505.82
2024-10-22,DC_IL_05,Midwest,ComEd,Large Load Service,127952.74,6700.43,115035.47,10203.0,125238.47
2024-10-23,DC_IL_05,Midwest,ComEd,Large Load Service,121635.23,6520.31,116297.28,9627.79,125925.06
2024-10-24,DC_IL_05,Midwest,ComEd,Large Load Service,120136.06,5711.66,108670.08,10133.97,118804.05
2024-10-25,DC_IL_05,Midwest,ComEd,Large Load Service,126686.96,6788.17,108092.1,10665.76,118757.85
2024-10-26,DC_IL_05,Midwest,ComEd,Large Load Service,121690.0,6391.42,122695.43,8804.06,131499.49
2024-10-27,DC_IL_05,Midwest,ComEd,Large Load Service,131865.18,7080.4,123317.6,11341.93,134659.52
2024-10-28,DC_IL_05,Midwest,ComEd,Large Load Service,130359.12,6117.12,75083.84,11738.56,86822.4
2024-10-29,DC_IL_05,Midwest,ComEd,Large Load Service,126964.8,5983.05,89269.38,8779.13,98048.5
2024-10-30,DC_IL_05,Midwest,ComEd,Large Load Service,126309.15,6445.11,103312.04,8048.6,111360.64
2024-10-31,DC_IL_05,Midwest,ComEd,Large Load Service,123303.04,6241.16,102690.07,11327.88,114017.95
2024-11-01,DC_IL_05,Midwest,ComEd,Large Load Service,130563.46,6349.31,98173.92,12828.56,111002.47
2024-11-02,DC_IL_05,Midwest,ComEd,Large Load Service,127506.21,6532.68,112570.78,7767.41,120338.2
2024-11-03,DC_IL_05,Midwest,ComEd,Large Load Service,129412.0,6265.53,79744.47,8319.86,88064.33
2024-11-04,DC_IL_05,Midwest,ComEd,Large Load Service,133506.98,6885.93,102282.17,8858.87,111141.05
2024-11-05,DC_IL_05,Midwest,ComEd,Large Load Service,129466.68,6835.38,94964.36,8050.63,103014.99
2024-11-06,DC_IL_05,Midwest,ComEd,Large Load Service,133485.44,6128.28,120556.67,9353.32,129909.99
2024-11-07,DC_IL_05,Midwest,ComEd,Large Load Service,130138.42,6248.46,76390.7,8244.21,84634.91
2024-11-08,DC_IL_05,Midwest,ComEd,Large Load Service,125593.91,6678.96,118636.22,10147.45,128783.67
2024-11-09,DC_IL_05,Midwest,ComEd,Large Load Service,134491.36,6621.5,106850.82,9355.74,116206.56
2024-11-10,DC_IL_05,Midwest,ComEd,Large Load Service,134579.53,7070.33,124017.73,8517.74,132535.47
2024-11-11,DC_IL_05,Midwest,ComEd,Large Load Service,130448.61,6965.37,113342.55,8625.79,121968.34
2024-11-12,DC_IL_05,Midwest,ComEd,Large Load Service,134658.13,6631.94,83321.6,11324.71,94646.32
2024-11-13,DC_IL_05,Midwest,ComEd,Large Load Service,127072.96,6167.81,87961.24,13629.35,101590.59
2024-11-14,DC_IL_05,Midwest,ComEd,Large Load Service,129670.8,6668.65,105975.11,8831.77,114806.88
2024-11-15,DC_IL_05,Midwest,ComEd,Large Load Service,133518.14,7084.09,122926.14,12191.94,135118.08
2024-11-16,DC_IL_05,Midwest,ComEd,Large Load Service,125755.52,6754.93,122922.11,8378.93,131301.04
2024-11-17,DC_IL_05,Midwest,ComEd,Large Load Service,127793.06,6851.4,123534.31,12267.87,135802.19
2024-11-18,DC_IL_05,Midwest,ComEd,Large Load Service,127423.81,6310.71,114601.1,11581.63,126182.74
2024-11-19,DC_IL_05,Midwest,ComEd,Large Load Service,126144.43,6793.26,96211.53,13183.48,109395.01
2024-11-20,DC_IL_05,Midwest,ComEd,Large Load Service,135835.4,6812.51,98886.84,11286.61,110173.44
2024-11-21,DC_IL_05,Midwest,ComEd,Large Load Service,132900.48,6899.63,117526.55,10704.69,128231.24
2024-11-22,DC_IL_05,Midwest,ComEd,Large Load Service,134713.13,6972.66,131629.83,8432.81,140062.64
2024-11-23,DC_IL_05,Midwest,ComEd,Large Load Service,131778.41,6328.02,100388.37,9499.67,109888.04
2024-11-24,DC_IL_05,Midwest,ComEd,Large Load Service,137712.5,6746.02,86177.32,13425.08,99602.4
2024-11-25,DC_IL_05,Midwest,ComEd,Large Load Service,132521.17,7169.05,98102.89,13056.24,111159.13
2024-11-26,DC_IL_05,Midwest,ComEd,Large Load Service,133116.43,6360.33,116016.71,10712.95,126729.66
2024-11-27,DC_IL_05,Midwest,ComEd,Large Load Service,136974.74,6538.38,109455.98,14534.55,123990.53
2024-11-28,DC_IL_05,Midwest,ComEd,Large Load Service,132016.22,6602.94,108810.67,11914.93,120725.61
2024-11-29,DC_IL_05,Midwest,ComEd,Large Load Service,133703.95,6690.69,123790.3,9201.59,132991.88
2024-11-30,DC_IL_05,Midwest,ComEd,Large Load Service,134713.79,6321.53,123014.22,13243.42,136257.65
2024-12-01,DC_IL_05,Midwest,ComEd,Large Load Service,140436.25,6868.52,110907.41,9377.75,120285.15
2024-12-02,DC_IL_05,Midwest,ComEd,Large Load Service,129477.45,6942.14,97343.51,8957.12,106300.62
2024-12-03,DC_IL_05,Midwest,ComEd,Large Load Service,133709.45,6555.29,102593.78,13335.26,115929.04
2024-12-04,DC_IL_05,Midwest,ComEd,Large Load Service,130793.07,6285.93,82846.18,11177.01,94023.19
2024-12-05,DC_IL_05,Midwest,ComEd,Large Load Service,137037.2,6926.94,135086.71,13119.27,148205.98
2024-12-06,DC_IL_05,Midwest,ComEd,Large Load Service,141402.74,7595.77,99144.0,10214.34,109358.34
2024-12-07,DC_IL_05,Midwest,ComEd,Large Load Service,133395.44,7108.96,134178.77,14487.1,148665.87
2024-12-08,DC_IL_05,Midwest,ComEd,Large Load Service,131051.82,7041.23,85019.17,10637.2,95656.37
2024-12-09,DC_IL_05,Midwest,ComEd,Large Load Service,135868.37,6279.46,92361.03,11846.89,104207.93
2024-12-10,DC_IL_05,Midwest,ComEd,Large Load Service,136579.06,6957.76,120335.92,14127.75,134463.67
2024-12-11,DC_IL_05,Midwest,ComEd,Large Load Service,136326.67,7179.22,93028.92,14352.35,107381.27
2024-12-12,DC_IL_05,Midwest,ComEd,Large Load Service,137961.29,6650.32,115372.29,8602.31,123974.59
2024-12-13,DC_IL_05,Midwest,ComEd,Large Load Service,142813.53,6739.49,126885.55,14370.0,141255.54
2024-12-14,DC_IL_05,Midwest,ComEd,Large Load Service,143829.7,6910.16,100648.57,15130.55,115779.12
2024-12-15,DC_IL_05,Midwest,ComEd,Large Load Service,139126.38,6435.18,114308.07,8652.83,122960.9
2024-12-16,DC_IL_05,Midwest,ComEd,Large Load Service,137927.89,6616.28,114856.11,9588.84,124444.95
2024-12-17,DC_IL_05,Midwest,ComEd,Large Load Service,132050.91,6939.16,93900.08,8446.3,102346.38
2024-12-18,DC_IL_05,Midwest,ComEd,Large Load Service,137708.71,6868.06,100038.08,10706.82,110744.9
2024-12-19,DC_IL_05,Midwest,ComEd,Large Load Service,146068.63,7475.77,115436.38,8935.26,124371.63
2024-12-20,DC_IL_05,Midwest,ComEd,Large Load Service,145139.16,7016.82,126773.44,9394.54,136167.98
2024-12-21,DC_IL_05,Midwest,ComEd,Large Load Service,141680.57,7167.04,94060.23,8880.37,102940.61
2024-12-22,DC_IL_05,Midwest,ComEd,Large Load Service,142218.22,6764.64,110663.07,12117.49,122780.56
2024-12-23,DC_IL_05,Midwest,ComEd,Large Load Service,137751.15,7402.32,131605.7,14067.59,145673.29
2024-12-24,DC_IL_05,Midwest,ComEd,Large Load Service,135148.35,6313.83,83883.65,11438.83,95322.48
2024-12-25,DC_IL_05,Midwest,ComEd,Large Load Service,148170.27,6986.87,104194.98,12501.63,116696.61
2024-12-26,DC_IL_05,Midwest,ComEd,Large Load Service,143687.37,6740.18,95694.63,11712.79,107407.42
2024-12-27,DC_IL_05,Midwest,ComEd,Large Load Service,147524.18,6811.42,127128.02,15591.3,142719.31
2024-12-28,DC_IL_05,Midwest,ComEd,Large Load Service,139442.16,7308.27,144228.13,8584.15,152812.29
2024-12-29,DC_IL_05,Midwest,ComEd,Large Load Service,143008.64,6915.99,86666.0,11173.14,97839.15
2024-12-30,DC_IL_05,Midwest,ComEd,Large Load Service,149930.27,6920.9,107563.79,13905.34,121469.12
2024-12-31,DC_IL_05,Midwest,ComEd,Large Load Service,149672.7,7166.83,113657.64,12962.31,126619.95
